county,year,quarter,age_band,population_sample,employed,unemployed,self_employed,employment_rate,self_emp_rate
Carlow,2018,Q1,15-19,270,96,5,18,35.6,18.8
Carlow,2018,Q1,20-24,246,162,8,14,65.9,8.6
Carlow,2018,Q1,25-29,266,215,11,36,80.8,16.7
Carlow,2018,Q1,30-34,332,303,32,33,91.3,10.9
Carlow,2018,Q2,15-19,297,108,9,17,36.4,15.7
Carlow,2018,Q2,20-24,315,213,13,35,67.6,16.4
Carlow,2018,Q2,25-29,382,325,19,30,85.1,9.2
Carlow,2018,Q2,30-34,408,355,42,51,87.0,14.4
Carlow,2018,Q3,15-19,385,135,7,12,35.1,8.9
Carlow,2018,Q3,20-24,356,250,21,33,70.2,13.2
Carlow,2018,Q3,25-29,343,272,25,38,79.3,14.0
Carlow,2018,Q3,30-34,376,333,35,34,88.6,10.2
Carlow,2018,Q4,15-19,264,90,8,11,34.1,12.2
Carlow,2018,Q4,20-24,356,236,20,19,66.3,8.1
Carlow,2018,Q4,25-29,360,301,34,61,83.6,20.3
Carlow,2018,Q4,30-34,320,286,18,45,89.4,15.7
Carlow,2019,Q1,15-19,315,108,7,14,34.3,13.0
Carlow,2019,Q1,20-24,341,236,20,52,69.2,22.0
Carlow,2019,Q1,25-29,296,247,12,48,83.4,19.4
Carlow,2019,Q1,30-34,259,223,16,30,86.1,13.5
Carlow,2019,Q2,15-19,381,130,7,23,34.1,17.7
Carlow,2019,Q2,20-24,365,258,11,34,70.7,13.2
Carlow,2019,Q2,25-29,252,217,23,31,86.1,14.3
Carlow,2019,Q2,30-34,249,215,13,27,86.3,12.6
Carlow,2019,Q3,15-19,269,96,5,15,35.7,15.6
Carlow,2019,Q3,20-24,378,268,26,31,70.9,11.6
Carlow,2019,Q3,25-29,359,299,24,42,83.3,14.0
Carlow,2019,Q3,30-34,405,361,20,76,89.1,21.1
Carlow,2019,Q4,15-19,312,109,8,23,34.9,21.1
Carlow,2019,Q4,20-24,361,251,20,27,69.5,10.8
Carlow,2019,Q4,25-29,397,320,20,33,80.6,10.3
Carlow,2019,Q4,30-34,413,373,23,36,90.3,9.7
Carlow,2020,Q1,15-19,248,77,5,16,31.0,20.8
Carlow,2020,Q1,20-24,391,235,16,51,60.1,21.7
Carlow,2020,Q1,25-29,355,259,19,52,73.0,20.1
Carlow,2020,Q1,30-34,317,244,19,35,77.0,14.3
Carlow,2020,Q2,15-19,307,94,6,20,30.6,21.3
Carlow,2020,Q2,20-24,351,212,17,30,60.4,14.2
Carlow,2020,Q2,25-29,388,284,16,52,73.2,18.3
Carlow,2020,Q2,30-34,355,280,17,25,78.9,8.9
Carlow,2020,Q3,15-19,273,90,6,7,33.0,7.8
Carlow,2020,Q3,20-24,307,192,18,31,62.5,16.1
Carlow,2020,Q3,25-29,364,274,12,37,75.3,13.5
Carlow,2020,Q3,30-34,360,294,20,52,81.7,17.7
Carlow,2020,Q4,15-19,299,94,9,18,31.4,19.1
Carlow,2020,Q4,20-24,300,183,10,16,61.0,8.7
Carlow,2020,Q4,25-29,360,273,28,36,75.8,13.2
Carlow,2020,Q4,30-34,386,314,22,69,81.3,22.0
Carlow,2021,Q1,15-19,381,129,10,24,33.9,18.6
Carlow,2021,Q1,20-24,318,216,22,36,67.9,16.7
Carlow,2021,Q1,25-29,411,327,39,75,79.6,22.9
Carlow,2021,Q1,30-34,375,337,30,46,89.9,13.6
Carlow,2021,Q2,15-19,269,94,10,20,34.9,21.3
Carlow,2021,Q2,20-24,255,175,15,17,68.6,9.7
Carlow,2021,Q2,25-29,365,305,26,26,83.6,8.5
Carlow,2021,Q2,30-34,392,353,41,45,90.1,12.7
Carlow,2021,Q3,15-19,341,118,8,27,34.6,22.9
Carlow,2021,Q3,20-24,288,186,14,21,64.6,11.3
Carlow,2021,Q3,25-29,390,320,34,59,82.1,18.4
Carlow,2021,Q3,30-34,249,217,17,39,87.1,18.0
Carlow,2021,Q4,15-19,246,83,9,12,33.7,14.5
Carlow,2021,Q4,20-24,371,258,19,35,69.5,13.6
Carlow,2021,Q4,25-29,324,266,29,32,82.1,12.0
Carlow,2021,Q4,30-34,394,330,30,37,83.8,11.2
Carlow,2022,Q1,15-19,305,114,7,25,37.4,21.9
Carlow,2022,Q1,20-24,250,188,13,44,75.2,23.4
Carlow,2022,Q1,25-29,269,245,11,33,91.1,13.5
Carlow,2022,Q1,30-34,288,267,14,46,92.7,17.2
Carlow,2022,Q2,15-19,409,155,13,15,37.9,9.7
Carlow,2022,Q2,20-24,326,240,16,30,73.6,12.5
Carlow,2022,Q2,25-29,386,349,34,68,90.4,19.5
Carlow,2022,Q2,30-34,313,291,18,61,93.0,21.0
Carlow,2022,Q3,15-19,362,140,11,23,38.7,16.4
Carlow,2022,Q3,20-24,245,180,17,37,73.5,20.6
Carlow,2022,Q3,25-29,381,322,27,50,84.5,15.5
Carlow,2022,Q3,30-34,255,239,19,31,93.7,13.0
Carlow,2022,Q4,15-19,333,128,7,12,38.4,9.4
Carlow,2022,Q4,20-24,255,186,12,40,72.9,21.5
Carlow,2022,Q4,25-29,411,353,31,35,85.9,9.9
Carlow,2022,Q4,30-34,344,325,29,64,94.5,19.7
Carlow,2023,Q1,15-19,320,126,12,12,39.4,9.5
Carlow,2023,Q1,20-24,275,200,15,20,72.7,10.0
Carlow,2023,Q1,25-29,381,353,37,70,92.7,19.8
Carlow,2023,Q1,30-34,257,254,19,32,98.8,12.6
Carlow,2023,Q2,15-19,275,106,9,14,38.5,13.2
Carlow,2023,Q2,20-24,321,238,22,37,74.1,15.5
Carlow,2023,Q2,25-29,313,269,22,30,85.9,11.2
Carlow,2023,Q2,30-34,265,244,12,23,92.1,9.4
Carlow,2023,Q3,15-19,267,104,10,17,39.0,16.3
Carlow,2023,Q3,20-24,305,230,24,33,75.4,14.3
Carlow,2023,Q3,25-29,315,280,20,52,88.9,18.6
Carlow,2023,Q3,30-34,269,248,17,46,92.2,18.5
Carlow,2023,Q4,15-19,372,141,11,27,37.9,19.1
Carlow,2023,Q4,20-24,244,174,15,16,71.3,9.2
Carlow,2023,Q4,25-29,287,265,22,40,92.3,15.1
Carlow,2023,Q4,30-34,353,328,34,71,92.9,21.6
Carlow,2024,Q1,15-19,320,122,14,29,38.1,23.8
Carlow,2024,Q1,20-24,406,300,17,45,73.9,15.0
Carlow,2024,Q1,25-29,315,276,26,28,87.6,10.1
Carlow,2024,Q1,30-34,365,349,27,71,95.6,20.3
Carlow,2024,Q2,15-19,387,155,6,24,40.1,15.5
Carlow,2024,Q2,20-24,357,267,22,49,74.8,18.4
Carlow,2024,Q2,25-29,269,242,16,52,90.0,21.5
Carlow,2024,Q2,30-34,296,290,17,58,98.0,20.0
Carlow,2024,Q3,15-19,323,127,6,30,39.3,23.6
Carlow,2024,Q3,20-24,258,194,13,27,75.2,13.9
Carlow,2024,Q3,25-29,245,220,8,52,89.8,23.6
Carlow,2024,Q3,30-34,262,252,29,50,96.2,19.8
Carlow,2024,Q4,15-19,408,159,14,26,39.0,16.4
Carlow,2024,Q4,20-24,269,204,17,25,75.8,12.3
Carlow,2024,Q4,25-29,409,380,39,40,92.9,10.5
Carlow,2024,Q4,30-34,252,255,30,25,101.2,9.8
Carlow,2025,Q1,15-19,288,117,7,13,40.6,11.1
Carlow,2025,Q1,20-24,416,323,34,76,77.6,23.5
Carlow,2025,Q1,25-29,308,274,26,29,89.0,10.6
Carlow,2025,Q1,30-34,297,284,13,72,95.6,25.4
Carlow,2025,Q2,15-19,388,157,17,20,40.5,12.7
Carlow,2025,Q2,20-24,337,268,26,41,79.5,15.3
Carlow,2025,Q2,25-29,364,335,23,70,92.0,20.9
Carlow,2025,Q2,30-34,399,383,30,36,96.0,9.4
Carlow,2025,Q3,15-19,305,120,11,26,39.3,21.7
Carlow,2025,Q3,20-24,348,271,25,36,77.9,13.3
Carlow,2025,Q3,25-29,391,357,22,84,91.3,23.5
Carlow,2025,Q3,30-34,274,281,11,71,102.6,25.3
Carlow,2025,Q4,15-19,284,107,12,26,37.7,24.3
Carlow,2025,Q4,20-24,307,238,10,28,77.5,11.8
Carlow,2025,Q4,25-29,331,310,23,61,93.7,19.7
Carlow,2025,Q4,30-34,317,324,14,45,102.2,13.9
Cavan,2018,Q1,15-19,347,121,10,14,34.9,11.6
Cavan,2018,Q1,20-24,344,236,16,26,68.6,11.0
Cavan,2018,Q1,25-29,401,317,37,69,79.1,21.8
Cavan,2018,Q1,30-34,390,330,20,45,84.6,13.6
Cavan,2018,Q2,15-19,378,134,7,27,35.4,20.1
Cavan,2018,Q2,20-24,315,221,16,35,70.2,15.8
Cavan,2018,Q2,25-29,374,296,32,46,79.1,15.5
Cavan,2018,Q2,30-34,241,204,14,39,84.6,19.1
Cavan,2018,Q3,15-19,306,111,7,20,36.3,18.0
Cavan,2018,Q3,20-24,304,214,22,42,70.4,19.6
Cavan,2018,Q3,25-29,271,220,13,19,81.2,8.6
Cavan,2018,Q3,30-34,395,352,29,65,89.1,18.5
Cavan,2018,Q4,15-19,370,130,12,24,35.1,18.5
Cavan,2018,Q4,20-24,264,175,13,17,66.3,9.7
Cavan,2018,Q4,25-29,255,205,11,41,80.4,20.0
Cavan,2018,Q4,30-34,386,342,23,32,88.6,9.4
Cavan,2019,Q1,15-19,285,101,7,20,35.4,19.8
Cavan,2019,Q1,20-24,331,235,19,38,71.0,16.2
Cavan,2019,Q1,25-29,360,291,12,55,80.8,18.9
Cavan,2019,Q1,30-34,413,379,42,64,91.8,16.9
Cavan,2019,Q2,15-19,331,118,8,17,35.6,14.4
Cavan,2019,Q2,20-24,373,262,21,38,70.2,14.5
Cavan,2019,Q2,25-29,340,281,25,57,82.6,20.3
Cavan,2019,Q2,30-34,279,255,19,51,91.4,20.0
Cavan,2019,Q3,15-19,392,134,5,22,34.2,16.4
Cavan,2019,Q3,20-24,374,255,23,29,68.2,11.4
Cavan,2019,Q3,25-29,273,221,11,22,81.0,10.0
Cavan,2019,Q3,30-34,351,319,17,58,90.9,18.2
Cavan,2019,Q4,15-19,324,119,9,21,36.7,17.6
Cavan,2019,Q4,20-24,258,174,7,18,67.4,10.3
Cavan,2019,Q4,25-29,399,322,15,47,80.7,14.6
Cavan,2019,Q4,30-34,343,316,15,40,92.1,12.7
Cavan,2020,Q1,15-19,261,80,6,14,30.7,17.5
Cavan,2020,Q1,20-24,256,163,18,15,63.7,9.2
Cavan,2020,Q1,25-29,247,190,8,32,76.9,16.8
Cavan,2020,Q1,30-34,330,262,20,45,79.4,17.2
Cavan,2020,Q2,15-19,263,83,8,7,31.6,8.4
Cavan,2020,Q2,20-24,333,200,18,41,60.1,20.5
Cavan,2020,Q2,25-29,348,260,12,38,74.7,14.6
Cavan,2020,Q2,30-34,244,189,18,20,77.5,10.6
Cavan,2020,Q3,15-19,251,78,4,10,31.1,12.8
Cavan,2020,Q3,20-24,400,255,22,46,63.7,18.0
Cavan,2020,Q3,25-29,259,195,15,33,75.3,16.9
Cavan,2020,Q3,30-34,380,306,30,45,80.5,14.7
Cavan,2020,Q4,15-19,418,132,8,28,31.6,21.2
Cavan,2020,Q4,20-24,335,208,14,47,62.1,22.6
Cavan,2020,Q4,25-29,352,257,12,27,73.0,10.5
Cavan,2020,Q4,30-34,390,312,33,30,80.0,9.6
Cavan,2021,Q1,15-19,344,116,12,11,33.7,9.5
Cavan,2021,Q1,20-24,312,202,19,47,64.7,23.3
Cavan,2021,Q1,25-29,241,194,22,41,80.5,21.1
Cavan,2021,Q1,30-34,275,235,12,43,85.5,18.3
Cavan,2021,Q2,15-19,372,131,10,20,35.2,15.3
Cavan,2021,Q2,20-24,291,200,10,26,68.7,13.0
Cavan,2021,Q2,25-29,307,254,20,48,82.7,18.9
Cavan,2021,Q2,30-34,335,282,22,63,84.2,22.3
Cavan,2021,Q3,15-19,317,105,7,11,33.1,10.5
Cavan,2021,Q3,20-24,291,191,18,18,65.6,9.4
Cavan,2021,Q3,25-29,335,276,27,48,82.4,17.4
Cavan,2021,Q3,30-34,404,349,23,78,86.4,22.3
Cavan,2021,Q4,15-19,335,118,8,26,35.2,22.0
Cavan,2021,Q4,20-24,377,262,14,25,69.5,9.5
Cavan,2021,Q4,25-29,328,271,11,55,82.6,20.3
Cavan,2021,Q4,30-34,308,262,13,29,85.1,11.1
Cavan,2022,Q1,15-19,241,88,7,20,36.5,22.7
Cavan,2022,Q1,20-24,252,182,19,28,72.2,15.4
Cavan,2022,Q1,25-29,397,360,32,61,90.7,16.9
Cavan,2022,Q1,30-34,412,388,22,87,94.2,22.4
Cavan,2022,Q2,15-19,390,146,6,17,37.4,11.6
Cavan,2022,Q2,20-24,251,177,20,32,70.5,18.1
Cavan,2022,Q2,25-29,405,345,35,63,85.2,18.3
Cavan,2022,Q2,30-34,383,372,38,41,97.1,11.0
Cavan,2022,Q3,15-19,268,102,10,11,38.1,10.8
Cavan,2022,Q3,20-24,298,218,22,48,73.2,22.0
Cavan,2022,Q3,25-29,275,247,12,53,89.8,21.5
Cavan,2022,Q3,30-34,304,289,23,49,95.1,17.0
Cavan,2022,Q4,15-19,286,104,10,20,36.4,19.2
Cavan,2022,Q4,20-24,268,196,16,38,73.1,19.4
Cavan,2022,Q4,25-29,324,281,15,64,86.7,22.8
Cavan,2022,Q4,30-34,404,372,27,49,92.1,13.2
Cavan,2023,Q1,15-19,348,129,11,21,37.1,16.3
Cavan,2023,Q1,20-24,377,270,30,57,71.6,21.1
Cavan,2023,Q1,25-29,277,240,20,44,86.6,18.3
Cavan,2023,Q1,30-34,255,249,28,58,97.6,23.3
Cavan,2023,Q2,15-19,361,133,7,15,36.8,11.3
Cavan,2023,Q2,20-24,365,262,29,59,71.8,22.5
Cavan,2023,Q2,25-29,409,357,31,53,87.3,14.8
Cavan,2023,Q2,30-34,332,314,32,28,94.6,8.9
Cavan,2023,Q3,15-19,412,156,17,36,37.9,23.1
Cavan,2023,Q3,20-24,302,223,25,40,73.8,17.9
Cavan,2023,Q3,25-29,293,256,22,29,87.4,11.3
Cavan,2023,Q3,30-34,390,386,26,70,99.0,18.1
Cavan,2023,Q4,15-19,286,106,8,25,37.1,23.6
Cavan,2023,Q4,20-24,348,250,18,25,71.8,10.0
Cavan,2023,Q4,25-29,347,310,27,31,89.3,10.0
Cavan,2023,Q4,30-34,304,289,30,41,95.1,14.2
Cavan,2024,Q1,15-19,325,127,8,28,39.1,22.0
Cavan,2024,Q1,20-24,245,178,18,29,72.7,16.3
Cavan,2024,Q1,25-29,297,270,21,46,90.9,17.0
Cavan,2024,Q1,30-34,318,319,36,48,100.3,15.0
Cavan,2024,Q2,15-19,377,150,12,33,39.8,22.0
Cavan,2024,Q2,20-24,256,187,18,37,73.0,19.8
Cavan,2024,Q2,25-29,333,295,17,59,88.6,20.0
Cavan,2024,Q2,30-34,338,319,33,38,94.4,11.9
Cavan,2024,Q3,15-19,318,119,7,24,37.4,20.2
Cavan,2024,Q3,20-24,275,212,24,51,77.1,24.1
Cavan,2024,Q3,25-29,294,260,16,61,88.4,23.5
Cavan,2024,Q3,30-34,241,237,23,54,98.3,22.8
Cavan,2024,Q4,15-19,354,141,12,28,39.8,19.9
Cavan,2024,Q4,20-24,396,292,20,54,73.7,18.5
Cavan,2024,Q4,25-29,358,333,22,72,93.0,21.6
Cavan,2024,Q4,30-34,307,307,17,76,100.0,24.8
Cavan,2025,Q1,15-19,348,133,14,23,38.2,17.3
Cavan,2025,Q1,20-24,278,207,16,36,74.5,17.4
Cavan,2025,Q1,25-29,396,366,33,49,92.4,13.4
Cavan,2025,Q1,30-34,323,328,38,59,101.5,18.0
Cavan,2025,Q2,15-19,272,108,10,24,39.7,22.2
Cavan,2025,Q2,20-24,278,206,17,28,74.1,13.6
Cavan,2025,Q2,25-29,244,223,17,47,91.4,21.1
Cavan,2025,Q2,30-34,342,329,36,78,96.2,23.7
Cavan,2025,Q3,15-19,290,112,10,19,38.6,17.0
Cavan,2025,Q3,20-24,360,273,19,48,75.8,17.6
Cavan,2025,Q3,25-29,412,375,43,46,91.0,12.3
Cavan,2025,Q3,30-34,327,331,15,76,101.2,23.0
Cavan,2025,Q4,15-19,243,94,9,13,38.7,13.8
Cavan,2025,Q4,20-24,307,243,17,60,79.2,24.7
Cavan,2025,Q4,25-29,361,339,19,33,93.9,9.7
Cavan,2025,Q4,30-34,284,273,29,63,96.1,23.1
Clare,2018,Q1,15-19,653,230,15,43,35.2,18.7
Clare,2018,Q1,20-24,650,436,29,60,67.1,13.8
Clare,2018,Q1,25-29,430,357,26,40,83.0,11.2
Clare,2018,Q1,30-34,465,395,15,85,84.9,21.5
Clare,2018,Q2,15-19,450,158,10,14,35.1,8.9
Clare,2018,Q2,20-24,408,287,21,30,70.3,10.5
Clare,2018,Q2,25-29,558,474,47,80,84.9,16.9
Clare,2018,Q2,30-34,440,392,37,77,89.1,19.6
Clare,2018,Q3,15-19,668,241,22,42,36.1,17.4
Clare,2018,Q3,20-24,644,453,19,80,70.3,17.7
Clare,2018,Q3,25-29,600,479,40,99,79.8,20.7
Clare,2018,Q3,30-34,567,506,32,105,89.2,20.8
Clare,2018,Q4,15-19,648,225,23,41,34.7,18.2
Clare,2018,Q4,20-24,585,408,26,79,69.7,19.4
Clare,2018,Q4,25-29,536,444,30,70,82.8,15.8
Clare,2018,Q4,30-34,448,406,33,57,90.6,14.0
Clare,2019,Q1,15-19,581,208,21,33,35.8,15.9
Clare,2019,Q1,20-24,598,418,46,71,69.9,17.0
Clare,2019,Q1,25-29,624,501,54,42,80.3,8.4
Clare,2019,Q1,30-34,470,417,47,38,88.7,9.1
Clare,2019,Q2,15-19,414,150,10,22,36.2,14.7
Clare,2019,Q2,20-24,535,381,45,73,71.2,19.2
Clare,2019,Q2,25-29,579,484,47,39,83.6,8.1
Clare,2019,Q2,30-34,614,543,34,67,88.4,12.3
Clare,2019,Q3,15-19,546,187,7,41,34.2,21.9
Clare,2019,Q3,20-24,692,464,33,46,67.1,9.9
Clare,2019,Q3,25-29,493,426,43,40,86.4,9.4
Clare,2019,Q3,30-34,619,571,50,120,92.2,21.0
Clare,2019,Q4,15-19,512,177,21,20,34.6,11.3
Clare,2019,Q4,20-24,687,465,49,46,67.7,9.9
Clare,2019,Q4,25-29,453,368,21,40,81.2,10.9
Clare,2019,Q4,30-34,529,486,50,83,91.9,17.1
Clare,2020,Q1,15-19,660,217,25,23,32.9,10.6
Clare,2020,Q1,20-24,644,399,31,91,62.0,22.8
Clare,2020,Q1,25-29,401,307,17,35,76.6,11.4
Clare,2020,Q1,30-34,444,358,30,34,80.6,9.5
Clare,2020,Q2,15-19,561,175,13,15,31.2,8.6
Clare,2020,Q2,20-24,565,337,22,74,59.6,22.0
Clare,2020,Q2,25-29,597,431,31,59,72.2,13.7
Clare,2020,Q2,30-34,563,458,20,74,81.3,16.2
Clare,2020,Q3,15-19,418,130,12,12,31.1,9.2
Clare,2020,Q3,20-24,696,416,46,66,59.8,15.9
Clare,2020,Q3,25-29,457,350,23,64,76.6,18.3
Clare,2020,Q3,30-34,544,449,46,81,82.5,18.0
Clare,2020,Q4,15-19,576,178,9,23,30.9,12.9
Clare,2020,Q4,20-24,678,426,40,74,62.8,17.4
Clare,2020,Q4,25-29,610,444,49,100,72.8,22.5
Clare,2020,Q4,30-34,415,341,17,45,82.2,13.2
Clare,2021,Q1,15-19,675,227,23,47,33.6,20.7
Clare,2021,Q1,20-24,661,427,26,76,64.6,17.8
Clare,2021,Q1,25-29,456,372,18,53,81.6,14.2
Clare,2021,Q1,30-34,623,544,55,55,87.3,10.1
Clare,2021,Q2,15-19,606,202,15,42,33.3,20.8
Clare,2021,Q2,20-24,605,411,47,41,67.9,10.0
Clare,2021,Q2,25-29,497,393,39,89,79.1,22.6
Clare,2021,Q2,30-34,495,438,19,76,88.5,17.4
Clare,2021,Q3,15-19,410,143,6,31,34.9,21.7
Clare,2021,Q3,20-24,542,363,33,63,67.0,17.4
Clare,2021,Q3,25-29,629,491,20,66,78.1,13.4
Clare,2021,Q3,30-34,439,392,23,33,89.3,8.4
Clare,2021,Q4,15-19,640,217,25,32,33.9,14.7
Clare,2021,Q4,20-24,598,414,34,87,69.2,21.0
Clare,2021,Q4,25-29,437,347,16,65,79.4,18.7
Clare,2021,Q4,30-34,410,346,37,79,84.4,22.8
Clare,2022,Q1,15-19,619,230,26,35,37.2,15.2
Clare,2022,Q1,20-24,441,318,19,76,72.1,23.9
Clare,2022,Q1,25-29,528,457,44,92,86.6,20.1
Clare,2022,Q1,30-34,481,436,40,63,90.6,14.4
Clare,2022,Q2,15-19,535,200,16,22,37.4,11.0
Clare,2022,Q2,20-24,554,392,29,66,70.8,16.8
Clare,2022,Q2,25-29,499,443,22,41,88.8,9.3
Clare,2022,Q2,30-34,588,559,57,90,95.1,16.1
Clare,2022,Q3,15-19,502,189,16,23,37.6,12.2
Clare,2022,Q3,20-24,660,469,37,45,71.1,9.6
Clare,2022,Q3,25-29,650,560,58,76,86.2,13.6
Clare,2022,Q3,30-34,435,409,38,60,94.0,14.7
Clare,2022,Q4,15-19,647,244,15,47,37.7,19.3
Clare,2022,Q4,20-24,450,338,33,68,75.1,20.1
Clare,2022,Q4,25-29,676,581,69,63,85.9,10.8
Clare,2022,Q4,30-34,695,654,37,92,94.1,14.1
Clare,2023,Q1,15-19,520,195,15,20,37.5,10.3
Clare,2023,Q1,20-24,694,497,35,55,71.6,11.1
Clare,2023,Q1,25-29,444,402,41,48,90.5,11.9
Clare,2023,Q1,30-34,613,569,51,114,92.8,20.0
Clare,2023,Q2,15-19,404,159,7,27,39.4,17.0
Clare,2023,Q2,20-24,584,447,51,84,76.5,18.8
Clare,2023,Q2,25-29,441,389,40,39,88.2,10.0
Clare,2023,Q2,30-34,441,424,37,90,96.1,21.2
Clare,2023,Q3,15-19,657,241,12,38,36.7,15.8
Clare,2023,Q3,20-24,405,294,15,66,72.6,22.4
Clare,2023,Q3,25-29,460,405,31,83,88.0,20.5
Clare,2023,Q3,30-34,554,538,42,95,97.1,17.7
Clare,2023,Q4,15-19,674,267,31,51,39.6,19.1
Clare,2023,Q4,20-24,417,302,22,36,72.4,11.9
Clare,2023,Q4,25-29,565,491,57,76,86.9,15.5
Clare,2023,Q4,30-34,411,391,26,58,95.1,14.8
Clare,2024,Q1,15-19,665,257,21,44,38.6,17.1
Clare,2024,Q1,20-24,609,441,31,83,72.4,18.8
Clare,2024,Q1,25-29,567,531,39,72,93.7,13.6
Clare,2024,Q1,30-34,585,560,38,86,95.7,15.4
Clare,2024,Q2,15-19,664,260,25,29,39.2,11.2
Clare,2024,Q2,20-24,659,492,43,95,74.7,19.3
Clare,2024,Q2,25-29,662,624,33,143,94.3,22.9
Clare,2024,Q2,30-34,676,645,70,105,95.4,16.3
Clare,2024,Q3,15-19,651,254,23,27,39.0,10.6
Clare,2024,Q3,20-24,472,352,41,47,74.6,13.4
Clare,2024,Q3,25-29,514,448,39,84,87.2,18.8
Clare,2024,Q3,30-34,550,524,30,122,95.3,23.3
Clare,2024,Q4,15-19,534,204,15,40,38.2,19.6
Clare,2024,Q4,20-24,580,434,25,83,74.8,19.1
Clare,2024,Q4,25-29,656,584,40,89,89.0,15.2
Clare,2024,Q4,30-34,453,450,41,75,99.3,16.7
Clare,2025,Q1,15-19,648,259,19,61,40.0,23.6
Clare,2025,Q1,20-24,525,389,23,40,74.1,10.3
Clare,2025,Q1,25-29,655,591,26,117,90.2,19.8
Clare,2025,Q1,30-34,417,411,47,60,98.6,14.6
Clare,2025,Q2,15-19,502,200,14,34,39.8,17.0
Clare,2025,Q2,20-24,525,386,44,76,73.5,19.7
Clare,2025,Q2,25-29,492,457,27,82,92.9,17.9
Clare,2025,Q2,30-34,613,608,30,70,99.2,11.5
Clare,2025,Q3,15-19,553,221,12,45,40.0,20.4
Clare,2025,Q3,20-24,570,422,39,70,74.0,16.6
Clare,2025,Q3,25-29,658,630,38,127,95.7,20.2
Clare,2025,Q3,30-34,459,470,44,82,102.4,17.4
Clare,2025,Q4,15-19,472,190,20,41,40.3,21.6
Clare,2025,Q4,20-24,572,444,41,57,77.6,12.8
Clare,2025,Q4,25-29,426,398,34,60,93.4,15.1
Clare,2025,Q4,30-34,687,706,51,167,102.8,23.7
Cork,2018,Q1,15-19,3044,1030,64,98,33.8,9.5
Cork,2018,Q1,20-24,2596,1802,205,254,69.4,14.1
Cork,2018,Q1,25-29,2818,2359,244,332,83.7,14.1
Cork,2018,Q1,30-34,2486,2165,138,369,87.1,17.0
Cork,2018,Q2,15-19,1900,657,47,116,34.6,17.7
Cork,2018,Q2,20-24,2798,1917,160,272,68.5,14.2
Cork,2018,Q2,25-29,1982,1569,138,272,79.2,17.3
Cork,2018,Q2,30-34,1764,1557,180,309,88.3,19.8
Cork,2018,Q3,15-19,2244,775,54,105,34.5,13.5
Cork,2018,Q3,20-24,2402,1600,125,216,66.6,13.5
Cork,2018,Q3,25-29,2512,2111,205,451,84.0,21.4
Cork,2018,Q3,30-34,1804,1548,62,264,85.8,17.1
Cork,2018,Q4,15-19,2030,736,67,98,36.3,13.3
Cork,2018,Q4,20-24,2470,1737,118,163,70.3,9.4
Cork,2018,Q4,25-29,2578,2077,134,399,80.6,19.2
Cork,2018,Q4,30-34,2398,2123,100,383,88.5,18.0
Cork,2019,Q1,15-19,1762,616,45,61,35.0,9.9
Cork,2019,Q1,20-24,2767,1857,201,365,67.1,19.7
Cork,2019,Q1,25-29,2107,1788,86,292,84.9,16.3
Cork,2019,Q1,30-34,2413,2233,165,210,92.5,9.4
Cork,2019,Q2,15-19,2604,918,75,90,35.3,9.8
Cork,2019,Q2,20-24,2068,1443,152,301,69.8,20.9
Cork,2019,Q2,25-29,1815,1480,131,208,81.5,14.1
Cork,2019,Q2,30-34,3042,2783,235,330,91.5,11.9
Cork,2019,Q3,15-19,3033,1061,112,151,35.0,14.2
Cork,2019,Q3,20-24,2202,1562,158,161,70.9,10.3
Cork,2019,Q3,25-29,2723,2288,122,429,84.0,18.8
Cork,2019,Q3,30-34,2255,2015,166,216,89.4,10.7
Cork,2019,Q4,15-19,2679,962,80,110,35.9,11.4
Cork,2019,Q4,20-24,3055,2137,95,218,70.0,10.2
Cork,2019,Q4,25-29,2461,1994,190,279,81.0,14.0
Cork,2019,Q4,30-34,2580,2301,225,193,89.2,8.4
Cork,2020,Q1,15-19,2373,734,35,139,30.9,18.9
Cork,2020,Q1,20-24,2976,1904,193,234,64.0,12.3
Cork,2020,Q1,25-29,2534,1908,137,263,75.3,13.8
Cork,2020,Q1,30-34,1911,1515,69,242,79.3,16.0
Cork,2020,Q2,15-19,2895,891,81,110,30.8,12.3
Cork,2020,Q2,20-24,2994,1882,110,284,62.9,15.1
Cork,2020,Q2,25-29,2510,1901,227,344,75.7,18.1
Cork,2020,Q2,30-34,2217,1849,139,245,83.4,13.3
Cork,2020,Q3,15-19,2730,903,48,167,33.1,18.5
Cork,2020,Q3,20-24,2442,1518,72,228,62.2,15.0
Cork,2020,Q3,25-29,1784,1317,122,264,73.8,20.0
Cork,2020,Q3,30-34,2950,2316,166,246,78.5,10.6
Cork,2020,Q4,15-19,2895,941,95,112,32.5,11.9
Cork,2020,Q4,20-24,2387,1482,133,143,62.1,9.6
Cork,2020,Q4,25-29,2112,1592,128,171,75.4,10.7
Cork,2020,Q4,30-34,2877,2222,142,272,77.2,12.2
Cork,2021,Q1,15-19,3029,1040,70,126,34.3,12.1
Cork,2021,Q1,20-24,2745,1820,130,279,66.3,15.3
Cork,2021,Q1,25-29,2189,1831,96,374,83.6,20.4
Cork,2021,Q1,30-34,2072,1877,202,220,90.6,11.7
Cork,2021,Q2,15-19,2283,785,65,141,34.4,18.0
Cork,2021,Q2,20-24,2105,1461,159,302,69.4,20.7
Cork,2021,Q2,25-29,1773,1417,65,207,79.9,14.6
Cork,2021,Q2,30-34,3029,2567,148,590,84.7,23.0
Cork,2021,Q3,15-19,2343,833,42,179,35.6,21.5
Cork,2021,Q3,20-24,2118,1439,73,318,67.9,22.1
Cork,2021,Q3,25-29,2281,1804,144,263,79.1,14.6
Cork,2021,Q3,30-34,1812,1600,79,252,88.3,15.8
Cork,2021,Q4,15-19,2939,997,46,202,33.9,20.3
Cork,2021,Q4,20-24,2039,1366,88,221,67.0,16.2
Cork,2021,Q4,25-29,2741,2251,128,403,82.1,17.9
Cork,2021,Q4,30-34,1889,1629,115,278,86.2,17.1
Cork,2022,Q1,15-19,2516,910,108,88,36.2,9.7
Cork,2022,Q1,20-24,1881,1348,100,154,71.7,11.4
Cork,2022,Q1,25-29,2085,1777,114,184,85.2,10.4
Cork,2022,Q1,30-34,1933,1851,165,343,95.8,18.5
Cork,2022,Q2,15-19,2972,1143,101,154,38.5,13.5
Cork,2022,Q2,20-24,2681,1958,145,211,73.0,10.8
Cork,2022,Q2,25-29,3020,2687,183,453,89.0,16.9
Cork,2022,Q2,30-34,2915,2678,190,633,91.9,23.6
Cork,2022,Q3,15-19,2160,804,63,73,37.2,9.1
Cork,2022,Q3,20-24,3058,2243,211,262,73.3,11.7
Cork,2022,Q3,25-29,1900,1646,175,304,86.6,18.5
Cork,2022,Q3,30-34,2501,2277,98,330,91.0,14.5
Cork,2022,Q4,15-19,2851,1073,81,233,37.6,21.7
Cork,2022,Q4,20-24,2160,1530,76,338,70.8,22.1
Cork,2022,Q4,25-29,3064,2688,188,399,87.7,14.8
Cork,2022,Q4,30-34,2686,2512,292,272,93.5,10.8
Cork,2023,Q1,15-19,2180,850,55,168,39.0,19.8
Cork,2023,Q1,20-24,3016,2159,134,510,71.6,23.6
Cork,2023,Q1,25-29,2268,2020,183,391,89.1,19.4
Cork,2023,Q1,30-34,2197,2061,229,331,93.8,16.1
Cork,2023,Q2,15-19,2138,792,78,135,37.0,17.0
Cork,2023,Q2,20-24,1980,1414,60,293,71.4,20.7
Cork,2023,Q2,25-29,2604,2247,102,206,86.3,9.2
Cork,2023,Q2,30-34,2083,2035,138,278,97.7,13.7
Cork,2023,Q3,15-19,2717,1059,98,126,39.0,11.9
Cork,2023,Q3,20-24,2838,2088,175,461,73.6,22.1
Cork,2023,Q3,25-29,2901,2544,106,261,87.7,10.3
Cork,2023,Q3,30-34,2241,2218,227,279,99.0,12.6
Cork,2023,Q4,15-19,2481,937,52,102,37.8,10.9
Cork,2023,Q4,20-24,2598,1888,85,455,72.7,24.1
Cork,2023,Q4,25-29,2019,1738,204,375,86.1,21.6
Cork,2023,Q4,30-34,2831,2631,207,618,92.9,23.5
Cork,2024,Q1,15-19,2391,935,49,92,39.1,9.8
Cork,2024,Q1,20-24,2358,1837,106,279,77.9,15.2
Cork,2024,Q1,25-29,2030,1827,97,248,90.0,13.6
Cork,2024,Q1,30-34,2136,2032,225,398,95.1,19.6
Cork,2024,Q2,15-19,2026,805,87,183,39.7,22.7
Cork,2024,Q2,20-24,2270,1716,155,218,75.6,12.7
Cork,2024,Q2,25-29,2422,2240,228,442,92.5,19.7
Cork,2024,Q2,30-34,2204,2118,212,286,96.1,13.5
Cork,2024,Q3,15-19,2783,1045,99,111,37.5,10.6
Cork,2024,Q3,20-24,2994,2204,177,501,73.6,22.7
Cork,2024,Q3,25-29,2772,2501,251,529,90.2,21.2
Cork,2024,Q3,30-34,2890,2772,236,562,95.9,20.3
Cork,2024,Q4,15-19,1995,782,78,92,39.2,11.8
Cork,2024,Q4,20-24,2554,1933,202,408,75.7,21.1
Cork,2024,Q4,25-29,2890,2729,130,427,94.4,15.6
Cork,2024,Q4,30-34,2838,2725,270,608,96.0,22.3
Cork,2025,Q1,15-19,1903,741,76,137,38.9,18.5
Cork,2025,Q1,20-24,3073,2418,259,558,78.7,23.1
Cork,2025,Q1,25-29,1788,1683,169,346,94.1,20.6
Cork,2025,Q1,30-34,1911,1950,233,301,102.0,15.4
Cork,2025,Q2,15-19,2596,1034,105,134,39.8,13.0
Cork,2025,Q2,20-24,2096,1590,116,331,75.9,20.8
Cork,2025,Q2,25-29,2648,2352,125,291,88.8,12.4
Cork,2025,Q2,30-34,1801,1770,194,314,98.3,17.7
Cork,2025,Q3,15-19,2890,1099,94,204,38.0,18.6
Cork,2025,Q3,20-24,2937,2280,238,315,77.6,13.8
Cork,2025,Q3,25-29,1889,1719,156,203,91.0,11.8
Cork,2025,Q3,30-34,1997,2017,239,259,101.0,12.8
Cork,2025,Q4,15-19,1799,705,36,104,39.2,14.8
Cork,2025,Q4,20-24,2160,1618,112,168,74.9,10.4
Cork,2025,Q4,25-29,2805,2638,316,652,94.0,24.7
Cork,2025,Q4,30-34,2112,2079,188,464,98.4,22.3
Donegal,2018,Q1,15-19,599,208,22,27,34.7,13.0
Donegal,2018,Q1,20-24,468,329,18,52,70.3,15.8
Donegal,2018,Q1,25-29,468,378,15,31,80.8,8.2
Donegal,2018,Q1,30-34,526,466,44,97,88.6,20.8
Donegal,2018,Q2,15-19,681,246,14,34,36.1,13.8
Donegal,2018,Q2,20-24,690,482,26,92,69.9,19.1
Donegal,2018,Q2,25-29,436,370,35,62,84.9,16.8
Donegal,2018,Q2,30-34,547,481,36,87,87.9,18.1
Donegal,2018,Q3,15-19,490,167,8,22,34.1,13.2
Donegal,2018,Q3,20-24,697,479,55,42,68.7,8.8
Donegal,2018,Q3,25-29,606,478,29,56,78.9,11.7
Donegal,2018,Q3,30-34,534,460,28,85,86.1,18.5
Donegal,2018,Q4,15-19,502,172,9,34,34.3,19.8
Donegal,2018,Q4,20-24,697,478,40,61,68.6,12.8
Donegal,2018,Q4,25-29,659,522,30,95,79.2,18.2
Donegal,2018,Q4,30-34,501,457,38,96,91.2,21.0
Donegal,2019,Q1,15-19,612,223,22,38,36.4,17.0
Donegal,2019,Q1,20-24,482,346,20,60,71.8,17.3
Donegal,2019,Q1,25-29,552,459,54,77,83.2,16.8
Donegal,2019,Q1,30-34,622,540,28,61,86.8,11.3
Donegal,2019,Q2,15-19,644,221,20,35,34.3,15.8
Donegal,2019,Q2,20-24,686,464,33,74,67.6,15.9
Donegal,2019,Q2,25-29,611,518,43,48,84.8,9.3
Donegal,2019,Q2,30-34,498,458,34,46,92.0,10.0
Donegal,2019,Q3,15-19,410,150,14,22,36.6,14.7
Donegal,2019,Q3,20-24,617,432,36,39,70.0,9.0
Donegal,2019,Q3,25-29,546,466,35,41,85.3,8.8
Donegal,2019,Q3,30-34,680,594,36,62,87.4,10.4
Donegal,2019,Q4,15-19,591,214,21,18,36.2,8.4
Donegal,2019,Q4,20-24,506,354,18,42,70.0,11.9
Donegal,2019,Q4,25-29,590,490,58,94,83.1,19.2
Donegal,2019,Q4,30-34,623,560,26,73,89.9,13.0
Donegal,2020,Q1,15-19,421,134,10,13,31.8,9.7
Donegal,2020,Q1,20-24,617,381,27,37,61.8,9.7
Donegal,2020,Q1,25-29,553,403,22,39,72.9,9.7
Donegal,2020,Q1,30-34,653,536,46,95,82.1,17.7
Donegal,2020,Q2,15-19,683,220,12,47,32.2,21.4
Donegal,2020,Q2,20-24,504,303,28,60,60.1,19.8
Donegal,2020,Q2,25-29,593,438,48,47,73.9,10.7
Donegal,2020,Q2,30-34,642,500,28,55,77.9,11.0
Donegal,2020,Q3,15-19,529,172,20,36,32.5,20.9
Donegal,2020,Q3,20-24,661,417,27,95,63.1,22.8
Donegal,2020,Q3,25-29,454,352,32,62,77.5,17.6
Donegal,2020,Q3,30-34,529,441,52,79,83.4,17.9
Donegal,2020,Q4,15-19,668,206,8,42,30.8,20.4
Donegal,2020,Q4,20-24,590,362,42,48,61.4,13.3
Donegal,2020,Q4,25-29,532,407,33,76,76.5,18.7
Donegal,2020,Q4,30-34,588,470,49,71,79.9,15.1
Donegal,2021,Q1,15-19,512,182,20,30,35.5,16.5
Donegal,2021,Q1,20-24,538,351,16,68,65.2,19.4
Donegal,2021,Q1,25-29,672,539,40,107,80.2,19.9
Donegal,2021,Q1,30-34,539,474,32,100,87.9,21.1
Donegal,2021,Q2,15-19,544,183,17,24,33.6,13.1
Donegal,2021,Q2,20-24,523,340,18,73,65.0,21.5
Donegal,2021,Q2,25-29,461,389,17,37,84.4,9.5
Donegal,2021,Q2,30-34,689,610,49,80,88.5,13.1
Donegal,2021,Q3,15-19,495,165,16,24,33.3,14.5
Donegal,2021,Q3,20-24,629,414,43,39,65.8,9.4
Donegal,2021,Q3,25-29,503,400,45,74,79.5,18.5
Donegal,2021,Q3,30-34,603,511,36,73,84.7,14.3
Donegal,2021,Q4,15-19,470,167,13,23,35.5,13.8
Donegal,2021,Q4,20-24,670,462,36,40,69.0,8.7
Donegal,2021,Q4,25-29,611,505,57,64,82.7,12.7
Donegal,2021,Q4,30-34,441,399,42,76,90.5,19.0
Donegal,2022,Q1,15-19,541,195,22,38,36.0,19.5
Donegal,2022,Q1,20-24,587,429,38,67,73.1,15.6
Donegal,2022,Q1,25-29,459,410,34,42,89.3,10.2
Donegal,2022,Q1,30-34,542,492,42,64,90.8,13.0
Donegal,2022,Q2,15-19,501,181,10,36,36.1,19.9
Donegal,2022,Q2,20-24,420,295,33,64,70.2,21.7
Donegal,2022,Q2,25-29,698,632,34,63,90.5,10.0
Donegal,2022,Q2,30-34,638,618,38,95,96.9,15.4
Donegal,2022,Q3,15-19,687,263,22,49,38.3,18.6
Donegal,2022,Q3,20-24,551,412,36,43,74.8,10.4
Donegal,2022,Q3,25-29,500,453,42,97,90.6,21.4
Donegal,2022,Q3,30-34,639,606,49,93,94.8,15.3
Donegal,2022,Q4,15-19,565,218,16,23,38.6,10.6
Donegal,2022,Q4,20-24,412,292,15,68,70.9,23.3
Donegal,2022,Q4,25-29,674,596,57,74,88.4,12.4
Donegal,2022,Q4,30-34,627,574,33,120,91.5,20.9
Donegal,2023,Q1,15-19,689,266,30,49,38.6,18.4
Donegal,2023,Q1,20-24,580,430,39,43,74.1,10.0
Donegal,2023,Q1,25-29,686,611,26,68,89.1,11.1
Donegal,2023,Q1,30-34,589,563,42,92,95.6,16.3
Donegal,2023,Q2,15-19,611,232,17,38,38.0,16.4
Donegal,2023,Q2,20-24,424,301,17,28,71.0,9.3
Donegal,2023,Q2,25-29,570,506,29,77,88.8,15.2
Donegal,2023,Q2,30-34,590,555,58,74,94.1,13.3
Donegal,2023,Q3,15-19,664,245,16,41,36.9,16.7
Donegal,2023,Q3,20-24,420,299,28,29,71.2,9.7
Donegal,2023,Q3,25-29,566,523,27,79,92.4,15.1
Donegal,2023,Q3,30-34,409,389,43,78,95.1,20.1
Donegal,2023,Q4,15-19,533,206,13,41,38.6,19.9
Donegal,2023,Q4,20-24,524,395,43,35,75.4,8.9
Donegal,2023,Q4,25-29,615,530,46,105,86.2,19.8
Donegal,2023,Q4,30-34,561,533,40,78,95.0,14.6
Donegal,2024,Q1,15-19,605,235,26,36,38.8,15.3
Donegal,2024,Q1,20-24,420,327,30,65,77.9,19.9
Donegal,2024,Q1,25-29,624,584,51,100,93.6,17.1
Donegal,2024,Q1,30-34,681,685,60,159,100.6,23.2
Donegal,2024,Q2,15-19,441,172,17,30,39.0,17.4
Donegal,2024,Q2,20-24,593,448,23,42,75.5,9.4
Donegal,2024,Q2,25-29,533,476,37,88,89.3,18.5
Donegal,2024,Q2,30-34,578,546,46,80,94.5,14.7
Donegal,2024,Q3,15-19,539,214,9,33,39.7,15.4
Donegal,2024,Q3,20-24,453,339,31,46,74.8,13.6
Donegal,2024,Q3,25-29,414,374,38,83,90.3,22.2
Donegal,2024,Q3,30-34,477,468,47,50,98.1,10.7
Donegal,2024,Q4,15-19,437,170,11,32,38.9,18.8
Donegal,2024,Q4,20-24,589,450,31,53,76.4,11.8
Donegal,2024,Q4,25-29,403,355,39,52,88.1,14.6
Donegal,2024,Q4,30-34,473,455,37,69,96.2,15.2
Donegal,2025,Q1,15-19,609,236,10,38,38.8,16.1
Donegal,2025,Q1,20-24,687,530,36,68,77.1,12.8
Donegal,2025,Q1,25-29,501,464,22,56,92.6,12.1
Donegal,2025,Q1,30-34,616,609,25,107,98.9,17.6
Donegal,2025,Q2,15-19,437,167,8,21,38.2,12.6
Donegal,2025,Q2,20-24,581,440,23,43,75.7,9.8
Donegal,2025,Q2,25-29,462,425,26,102,92.0,24.0
Donegal,2025,Q2,30-34,462,453,31,77,98.1,17.0
Donegal,2025,Q3,15-19,500,204,12,51,40.8,25.0
Donegal,2025,Q3,20-24,649,478,56,105,73.7,22.0
Donegal,2025,Q3,25-29,434,389,32,71,89.6,18.3
Donegal,2025,Q3,30-34,589,599,41,137,101.7,22.9
Donegal,2025,Q4,15-19,454,174,7,26,38.3,14.9
Donegal,2025,Q4,20-24,666,528,44,79,79.3,15.0
Donegal,2025,Q4,25-29,539,517,26,118,95.9,22.8
Donegal,2025,Q4,30-34,617,625,61,89,101.3,14.2
Dublin,2018,Q1,15-19,5065,1782,159,192,35.2,10.8
Dublin,2018,Q1,20-24,6595,4319,337,673,65.5,15.6
Dublin,2018,Q1,25-29,4315,3564,313,461,82.6,12.9
Dublin,2018,Q1,30-34,6790,6152,310,1173,90.6,19.1
Dublin,2018,Q2,15-19,6375,2152,203,312,33.8,14.5
Dublin,2018,Q2,20-24,6615,4667,541,708,70.6,15.2
Dublin,2018,Q2,25-29,6905,5702,399,684,82.6,12.0
Dublin,2018,Q2,30-34,6080,5377,404,886,88.4,16.5
Dublin,2018,Q3,15-19,6490,2285,249,496,35.2,21.7
Dublin,2018,Q3,20-24,4405,2981,262,485,67.7,16.3
Dublin,2018,Q3,25-29,5820,4763,570,420,81.8,8.8
Dublin,2018,Q3,30-34,5680,5137,572,455,90.4,8.9
Dublin,2018,Q4,15-19,5610,1955,158,327,34.8,16.7
Dublin,2018,Q4,20-24,5430,3761,379,790,69.3,21.0
Dublin,2018,Q4,25-29,6825,5608,508,954,82.2,17.0
Dublin,2018,Q4,30-34,5015,4520,281,494,90.1,10.9
Dublin,2019,Q1,15-19,4280,1560,186,172,36.4,11.0
Dublin,2019,Q1,20-24,4560,3053,122,269,67.0,8.8
Dublin,2019,Q1,25-29,5455,4675,463,479,85.7,10.2
Dublin,2019,Q1,30-34,4935,4477,453,910,90.7,20.3
Dublin,2019,Q2,15-19,4965,1713,123,318,34.5,18.6
Dublin,2019,Q2,20-24,5915,4155,174,523,70.2,12.6
Dublin,2019,Q2,25-29,6915,5592,585,1219,80.9,21.8
Dublin,2019,Q2,30-34,5445,4685,225,968,86.0,20.7
Dublin,2019,Q3,15-19,4325,1488,119,291,34.4,19.6
Dublin,2019,Q3,20-24,5785,3860,176,539,66.7,14.0
Dublin,2019,Q3,25-29,4550,3710,404,517,81.5,13.9
Dublin,2019,Q3,30-34,5070,4697,340,995,92.6,21.2
Dublin,2019,Q4,15-19,5150,1831,106,318,35.6,17.4
Dublin,2019,Q4,20-24,6180,4118,235,583,66.6,14.2
Dublin,2019,Q4,25-29,5400,4371,485,673,80.9,15.4
Dublin,2019,Q4,30-34,6225,5556,587,897,89.3,16.1
Dublin,2020,Q1,15-19,4795,1533,118,181,32.0,11.8
Dublin,2020,Q1,20-24,4260,2705,227,434,63.5,16.0
Dublin,2020,Q1,25-29,5020,3877,378,554,77.2,14.3
Dublin,2020,Q1,30-34,5445,4240,383,390,77.9,9.2
Dublin,2020,Q2,15-19,6800,2138,85,340,31.4,15.9
Dublin,2020,Q2,20-24,4765,3004,262,647,63.0,21.5
Dublin,2020,Q2,25-29,4435,3405,137,409,76.8,12.0
Dublin,2020,Q2,30-34,4780,3967,421,408,83.0,10.3
Dublin,2020,Q3,15-19,4680,1534,99,306,32.8,19.9
Dublin,2020,Q3,20-24,4700,2895,203,641,61.6,22.1
Dublin,2020,Q3,25-29,6100,4420,191,738,72.5,16.7
Dublin,2020,Q3,30-34,4870,3802,368,691,78.1,18.2
Dublin,2020,Q4,15-19,6675,2174,252,407,32.6,18.7
Dublin,2020,Q4,20-24,6660,4120,373,951,61.9,23.1
Dublin,2020,Q4,25-29,4500,3363,238,710,74.7,21.1
Dublin,2020,Q4,30-34,5770,4613,261,637,79.9,13.8
Dublin,2021,Q1,15-19,5175,1723,187,196,33.3,11.4
Dublin,2021,Q1,20-24,5980,4001,390,567,66.9,14.2
Dublin,2021,Q1,25-29,4825,3911,431,463,81.1,11.8
Dublin,2021,Q1,30-34,4860,4079,291,922,83.9,22.6
Dublin,2021,Q2,15-19,5365,1895,223,177,35.3,9.3
Dublin,2021,Q2,20-24,6695,4587,256,1009,68.5,22.0
Dublin,2021,Q2,25-29,5255,4113,383,863,78.3,21.0
Dublin,2021,Q2,30-34,4265,3723,228,788,87.3,21.2
Dublin,2021,Q3,15-19,6785,2304,260,488,34.0,21.2
Dublin,2021,Q3,20-24,5985,4004,318,587,66.9,14.7
Dublin,2021,Q3,25-29,4080,3422,209,667,83.9,19.5
Dublin,2021,Q3,30-34,6040,5461,445,1026,90.4,18.8
Dublin,2021,Q4,15-19,4590,1626,165,267,35.4,16.4
Dublin,2021,Q4,20-24,6505,4213,428,874,64.8,20.7
Dublin,2021,Q4,25-29,6100,4862,201,632,79.7,13.0
Dublin,2021,Q4,30-34,4160,3696,213,674,88.8,18.2
Dublin,2022,Q1,15-19,4055,1460,93,273,36.0,18.7
Dublin,2022,Q1,20-24,5135,3847,161,870,74.9,22.6
Dublin,2022,Q1,25-29,5120,4538,287,544,88.6,12.0
Dublin,2022,Q1,30-34,4290,3983,180,490,92.8,12.3
Dublin,2022,Q2,15-19,5125,1920,191,309,37.5,16.1
Dublin,2022,Q2,20-24,5085,3731,444,465,73.4,12.5
Dublin,2022,Q2,25-29,6165,5481,465,1138,88.9,20.8
Dublin,2022,Q2,30-34,6640,6126,341,671,92.3,11.0
Dublin,2022,Q3,15-19,4125,1590,103,207,38.5,13.0
Dublin,2022,Q3,20-24,6300,4706,427,695,74.7,14.8
Dublin,2022,Q3,25-29,6055,5383,564,1259,88.9,23.4
Dublin,2022,Q3,30-34,4505,4178,324,940,92.7,22.5
Dublin,2022,Q4,15-19,6440,2453,233,567,38.1,23.1
Dublin,2022,Q4,20-24,6975,5137,389,558,73.6,10.9
Dublin,2022,Q4,25-29,6105,5379,319,888,88.1,16.5
Dublin,2022,Q4,30-34,5380,5262,471,1215,97.8,23.1
Dublin,2023,Q1,15-19,6225,2367,198,374,38.0,15.8
Dublin,2023,Q1,20-24,4010,2892,218,355,72.1,12.3
Dublin,2023,Q1,25-29,5170,4685,238,1155,90.6,24.7
Dublin,2023,Q1,30-34,4245,4187,248,1010,98.6,24.1
Dublin,2023,Q2,15-19,5355,2065,164,318,38.6,15.4
Dublin,2023,Q2,20-24,4445,3300,189,535,74.2,16.2
Dublin,2023,Q2,25-29,5365,4831,221,908,90.0,18.8
Dublin,2023,Q2,30-34,4765,4392,467,901,92.2,20.5
Dublin,2023,Q3,15-19,4620,1825,213,314,39.5,17.2
Dublin,2023,Q3,20-24,6245,4801,342,1078,76.9,22.5
Dublin,2023,Q3,25-29,6385,5806,347,1108,90.9,19.1
Dublin,2023,Q3,30-34,4190,4109,479,863,98.1,21.0
Dublin,2023,Q4,15-19,4460,1701,69,155,38.1,9.1
Dublin,2023,Q4,20-24,6555,4878,509,474,74.4,9.7
Dublin,2023,Q4,25-29,4845,4268,460,874,88.1,20.5
Dublin,2023,Q4,30-34,4770,4403,345,855,92.3,19.4
Dublin,2024,Q1,15-19,4045,1619,84,407,40.0,25.1
Dublin,2024,Q1,20-24,6725,5266,229,1129,78.3,21.4
Dublin,2024,Q1,25-29,6015,5576,632,1366,92.7,24.5
Dublin,2024,Q1,30-34,4080,4069,244,743,99.7,18.3
Dublin,2024,Q2,15-19,4450,1714,184,406,38.5,23.7
Dublin,2024,Q2,20-24,4765,3710,178,643,77.9,17.3
Dublin,2024,Q2,25-29,4200,3675,157,441,87.5,12.0
Dublin,2024,Q2,30-34,5765,5701,330,920,98.9,16.1
Dublin,2024,Q3,15-19,5275,2035,175,356,38.6,17.5
Dublin,2024,Q3,20-24,5405,4183,215,674,77.4,16.1
Dublin,2024,Q3,25-29,5630,5256,378,1129,93.4,21.5
Dublin,2024,Q3,30-34,4415,4303,242,805,97.5,18.7
Dublin,2024,Q4,15-19,6760,2578,225,250,38.1,9.7
Dublin,2024,Q4,20-24,6465,4703,214,1145,72.7,24.3
Dublin,2024,Q4,25-29,6100,5524,262,1243,90.6,22.5
Dublin,2024,Q4,30-34,4940,4904,499,729,99.3,14.9
Dublin,2025,Q1,15-19,4015,1538,169,280,38.3,18.2
Dublin,2025,Q1,20-24,5235,3941,451,624,75.3,15.8
Dublin,2025,Q1,25-29,4900,4620,184,750,94.3,16.2
Dublin,2025,Q1,30-34,6825,6688,654,849,98.0,12.7
Dublin,2025,Q2,15-19,4420,1714,100,161,38.8,9.4
Dublin,2025,Q2,20-24,4185,3263,297,529,78.0,16.2
Dublin,2025,Q2,25-29,5710,5318,593,1215,93.1,22.8
Dublin,2025,Q2,30-34,4555,4627,252,717,101.6,15.5
Dublin,2025,Q3,15-19,5890,2414,174,314,41.0,13.0
Dublin,2025,Q3,20-24,4105,3116,271,631,75.9,20.3
Dublin,2025,Q3,25-29,6850,6281,630,611,91.7,9.7
Dublin,2025,Q3,30-34,4805,4868,422,1220,101.3,25.1
Dublin,2025,Q4,15-19,4045,1591,109,397,39.3,25.0
Dublin,2025,Q4,20-24,4550,3543,356,392,77.9,11.1
Dublin,2025,Q4,25-29,4950,4573,318,1131,92.4,24.7
Dublin,2025,Q4,30-34,4435,4274,232,470,96.4,11.0
Galway,2018,Q1,15-19,1296,468,44,85,36.1,18.2
Galway,2018,Q1,20-24,1445,964,100,103,66.7,10.7
Galway,2018,Q1,25-29,1222,979,91,99,80.1,10.1
Galway,2018,Q1,30-34,1476,1319,129,209,89.4,15.8
Galway,2018,Q2,15-19,1276,448,29,66,35.1,14.7
Galway,2018,Q2,20-24,1168,812,80,108,69.5,13.3
Galway,2018,Q2,25-29,1094,921,37,164,84.2,17.8
Galway,2018,Q2,30-34,1389,1255,59,198,90.4,15.8
Galway,2018,Q3,15-19,1257,424,34,76,33.7,17.9
Galway,2018,Q3,20-24,1545,1018,119,183,65.9,18.0
Galway,2018,Q3,25-29,1808,1438,157,146,79.5,10.2
Galway,2018,Q3,30-34,1626,1445,94,280,88.9,19.4
Galway,2018,Q4,15-19,1445,517,31,86,35.8,16.6
Galway,2018,Q4,20-24,1625,1136,134,190,69.9,16.7
Galway,2018,Q4,25-29,1688,1403,61,220,83.1,15.7
Galway,2018,Q4,30-34,1202,1048,57,144,87.2,13.7
Galway,2019,Q1,15-19,1164,412,45,69,35.4,16.7
Galway,2019,Q1,20-24,1115,762,35,98,68.3,12.9
Galway,2019,Q1,25-29,1294,1043,58,142,80.6,13.6
Galway,2019,Q1,30-34,1414,1281,120,221,90.6,17.3
Galway,2019,Q2,15-19,1722,627,64,105,36.4,16.7
Galway,2019,Q2,20-24,1563,1062,65,152,67.9,14.3
Galway,2019,Q2,25-29,1778,1426,108,316,80.2,22.2
Galway,2019,Q2,30-34,1457,1354,66,189,92.9,14.0
Galway,2019,Q3,15-19,1145,414,30,54,36.2,13.0
Galway,2019,Q3,20-24,1303,871,77,136,66.8,15.6
Galway,2019,Q3,25-29,1309,1104,92,199,84.3,18.0
Galway,2019,Q3,30-34,1238,1118,51,103,90.3,9.2
Galway,2019,Q4,15-19,1337,459,34,83,34.3,18.1
Galway,2019,Q4,20-24,1562,1091,100,131,69.8,12.0
Galway,2019,Q4,25-29,1212,991,93,181,81.8,18.3
Galway,2019,Q4,30-34,1766,1592,130,187,90.1,11.7
Galway,2020,Q1,15-19,1374,451,52,44,32.8,9.8
Galway,2020,Q1,20-24,1384,865,49,192,62.5,22.2
Galway,2020,Q1,25-29,1361,1024,98,188,75.2,18.4
Galway,2020,Q1,30-34,1407,1140,80,252,81.0,22.1
Galway,2020,Q2,15-19,1216,386,45,55,31.7,14.2
Galway,2020,Q2,20-24,1346,842,83,97,62.6,11.5
Galway,2020,Q2,25-29,1254,907,36,133,72.3,14.7
Galway,2020,Q2,30-34,1583,1309,61,265,82.7,20.2
Galway,2020,Q3,15-19,1515,474,35,90,31.3,19.0
Galway,2020,Q3,20-24,1361,825,69,150,60.6,18.2
Galway,2020,Q3,25-29,1314,959,88,195,73.0,20.3
Galway,2020,Q3,30-34,1183,967,39,116,81.7,12.0
Galway,2020,Q4,15-19,1514,474,28,44,31.3,9.3
Galway,2020,Q4,20-24,1118,688,39,118,61.5,17.2
Galway,2020,Q4,25-29,1725,1246,144,258,72.2,20.7
Galway,2020,Q4,30-34,1753,1393,110,175,79.5,12.6
Galway,2021,Q1,15-19,1693,572,51,113,33.8,19.8
Galway,2021,Q1,20-24,1680,1120,127,194,66.7,17.3
Galway,2021,Q1,25-29,1422,1133,78,250,79.7,22.1
Galway,2021,Q1,30-34,1777,1584,115,344,89.1,21.7
Galway,2021,Q2,15-19,1198,422,31,64,35.2,15.2
Galway,2021,Q2,20-24,1366,894,91,133,65.4,14.9
Galway,2021,Q2,25-29,1120,894,67,79,79.8,8.8
Galway,2021,Q2,30-34,1316,1147,51,183,87.2,16.0
Galway,2021,Q3,15-19,1307,445,43,39,34.0,8.8
Galway,2021,Q3,20-24,1196,790,41,87,66.1,11.0
Galway,2021,Q3,25-29,1066,883,86,185,82.8,21.0
Galway,2021,Q3,30-34,1812,1530,96,202,84.4,13.2
Galway,2021,Q4,15-19,1615,557,46,69,34.5,12.4
Galway,2021,Q4,20-24,1118,744,79,152,66.5,20.4
Galway,2021,Q4,25-29,1443,1145,119,233,79.3,20.3
Galway,2021,Q4,30-34,1268,1106,127,240,87.2,21.7
Galway,2022,Q1,15-19,1315,509,23,109,38.7,21.4
Galway,2022,Q1,20-24,1089,774,84,148,71.1,19.1
Galway,2022,Q1,25-29,1643,1426,109,216,86.8,15.1
Galway,2022,Q1,30-34,1632,1497,140,173,91.7,11.6
Galway,2022,Q2,15-19,1764,655,51,100,37.1,15.3
Galway,2022,Q2,20-24,1359,951,92,190,70.0,20.0
Galway,2022,Q2,25-29,1062,918,76,129,86.4,14.1
Galway,2022,Q2,30-34,1344,1291,142,137,96.1,10.6
Galway,2022,Q3,15-19,1188,435,35,78,36.6,17.9
Galway,2022,Q3,20-24,1306,926,55,119,70.9,12.9
Galway,2022,Q3,25-29,1192,1024,119,187,85.9,18.3
Galway,2022,Q3,30-34,1700,1592,159,353,93.6,22.2
Galway,2022,Q4,15-19,1292,492,47,56,38.1,11.4
Galway,2022,Q4,20-24,1498,1084,118,200,72.4,18.5
Galway,2022,Q4,25-29,1349,1149,101,121,85.2,10.5
Galway,2022,Q4,30-34,1422,1303,124,156,91.6,12.0
Galway,2023,Q1,15-19,1461,569,53,120,38.9,21.1
Galway,2023,Q1,20-24,1172,863,35,185,73.6,21.4
Galway,2023,Q1,25-29,1736,1573,114,360,90.6,22.9
Galway,2023,Q1,30-34,1579,1540,170,315,97.5,20.5
Galway,2023,Q2,15-19,1133,433,46,94,38.2,21.7
Galway,2023,Q2,20-24,1475,1067,53,144,72.3,13.5
Galway,2023,Q2,25-29,1297,1154,63,259,89.0,22.4
Galway,2023,Q2,30-34,1596,1528,62,236,95.7,15.4
Galway,2023,Q3,15-19,1112,434,48,52,39.0,12.0
Galway,2023,Q3,20-24,1732,1281,69,265,74.0,20.7
Galway,2023,Q3,25-29,1474,1271,116,129,86.2,10.1
Galway,2023,Q3,30-34,1471,1445,107,356,98.2,24.6
Galway,2023,Q4,15-19,1458,543,36,80,37.2,14.7
Galway,2023,Q4,20-24,1115,840,58,124,75.3,14.8
Galway,2023,Q4,25-29,1197,1057,120,158,88.3,14.9
Galway,2023,Q4,30-34,1119,1102,76,208,98.5,18.9
Galway,2024,Q1,15-19,1665,659,55,67,39.6,10.2
Galway,2024,Q1,20-24,1215,910,76,160,74.9,17.6
Galway,2024,Q1,25-29,1662,1512,77,302,91.0,20.0
Galway,2024,Q1,30-34,1095,1088,58,134,99.4,12.3
Galway,2024,Q2,15-19,1324,508,26,67,38.4,13.2
Galway,2024,Q2,20-24,1787,1375,148,246,76.9,17.9
Galway,2024,Q2,25-29,1784,1576,122,326,88.3,20.7
Galway,2024,Q2,30-34,1108,1070,93,130,96.6,12.1
Galway,2024,Q3,15-19,1346,510,37,121,37.9,23.7
Galway,2024,Q3,20-24,1428,1097,92,204,76.8,18.6
Galway,2024,Q3,25-29,1270,1143,120,226,90.0,19.8
Galway,2024,Q3,30-34,1518,1453,138,195,95.7,13.4
Galway,2024,Q4,15-19,1327,503,41,113,37.9,22.5
Galway,2024,Q4,20-24,1530,1132,104,254,74.0,22.4
Galway,2024,Q4,25-29,1800,1656,174,359,92.0,21.7
Galway,2024,Q4,30-34,1480,1474,147,171,99.6,11.6
Galway,2025,Q1,15-19,1548,587,35,58,37.9,9.9
Galway,2025,Q1,20-24,1565,1235,130,244,78.9,19.8
Galway,2025,Q1,25-29,1320,1257,139,185,95.2,14.7
Galway,2025,Q1,30-34,1630,1679,178,391,103.0,23.3
Galway,2025,Q2,15-19,1469,593,57,150,40.4,25.3
Galway,2025,Q2,20-24,1073,854,56,185,79.6,21.7
Galway,2025,Q2,25-29,1662,1555,62,265,93.6,17.0
Galway,2025,Q2,30-34,1495,1426,103,164,95.4,11.5
Galway,2025,Q3,15-19,1635,637,65,119,39.0,18.7
Galway,2025,Q3,20-24,1699,1316,77,126,77.5,9.6
Galway,2025,Q3,25-29,1639,1563,150,226,95.4,14.5
Galway,2025,Q3,30-34,1307,1296,52,321,99.2,24.8
Galway,2025,Q4,15-19,1201,476,41,122,39.6,25.6
Galway,2025,Q4,20-24,1536,1198,112,139,78.0,11.6
Galway,2025,Q4,25-29,1397,1297,141,202,92.8,15.6
Galway,2025,Q4,30-34,1740,1727,98,445,99.3,25.8
Kerry,2018,Q1,15-19,816,289,30,52,35.4,18.0
Kerry,2018,Q1,20-24,487,319,24,55,65.5,17.2
Kerry,2018,Q1,25-29,819,691,33,144,84.4,20.8
Kerry,2018,Q1,30-34,685,612,58,104,89.3,17.0
Kerry,2018,Q2,15-19,754,265,26,51,35.1,19.2
Kerry,2018,Q2,20-24,595,394,37,56,66.2,14.2
Kerry,2018,Q2,25-29,535,454,20,79,84.9,17.4
Kerry,2018,Q2,30-34,704,603,46,86,85.7,14.3
Kerry,2018,Q3,15-19,798,289,23,42,36.2,14.5
Kerry,2018,Q3,20-24,535,374,32,73,69.9,19.5
Kerry,2018,Q3,25-29,742,612,53,79,82.5,12.9
Kerry,2018,Q3,30-34,569,508,23,57,89.3,11.2
Kerry,2018,Q4,15-19,683,246,27,42,36.0,17.1
Kerry,2018,Q4,20-24,790,537,63,94,68.0,17.5
Kerry,2018,Q4,25-29,572,477,30,91,83.4,19.1
Kerry,2018,Q4,30-34,586,496,55,82,84.6,16.5
Kerry,2019,Q1,15-19,637,234,23,23,36.7,9.8
Kerry,2019,Q1,20-24,707,472,55,94,66.8,19.9
Kerry,2019,Q1,25-29,517,445,28,71,86.1,16.0
Kerry,2019,Q1,30-34,538,465,26,53,86.4,11.4
Kerry,2019,Q2,15-19,645,221,25,20,34.3,9.0
Kerry,2019,Q2,20-24,770,534,63,56,69.4,10.5
Kerry,2019,Q2,25-29,829,688,42,135,83.0,19.6
Kerry,2019,Q2,30-34,545,493,28,41,90.5,8.3
Kerry,2019,Q3,15-19,502,176,12,22,35.1,12.5
Kerry,2019,Q3,20-24,501,338,35,34,67.5,10.1
Kerry,2019,Q3,25-29,579,497,26,46,85.8,9.3
Kerry,2019,Q3,30-34,498,439,37,86,88.2,19.6
Kerry,2019,Q4,15-19,751,267,27,33,35.6,12.4
Kerry,2019,Q4,20-24,692,459,24,95,66.3,20.7
Kerry,2019,Q4,25-29,518,431,27,86,83.2,20.0
Kerry,2019,Q4,30-34,543,477,32,52,87.8,10.9
Kerry,2020,Q1,15-19,532,170,15,33,32.0,19.4
Kerry,2020,Q1,20-24,718,434,18,44,60.4,10.1
Kerry,2020,Q1,25-29,794,616,68,85,77.6,13.8
Kerry,2020,Q1,30-34,528,422,39,70,79.9,16.6
Kerry,2020,Q2,15-19,502,164,11,34,32.7,20.7
Kerry,2020,Q2,20-24,490,294,28,42,60.0,14.3
Kerry,2020,Q2,25-29,613,444,24,99,72.4,22.3
Kerry,2020,Q2,30-34,616,494,48,78,80.2,15.8
Kerry,2020,Q3,15-19,641,206,12,34,32.1,16.5
Kerry,2020,Q3,20-24,591,355,30,39,60.1,11.0
Kerry,2020,Q3,25-29,750,548,29,112,73.1,20.4
Kerry,2020,Q3,30-34,723,584,50,97,80.8,16.6
Kerry,2020,Q4,15-19,590,192,11,42,32.5,21.9
Kerry,2020,Q4,20-24,525,326,35,65,62.1,19.9
Kerry,2020,Q4,25-29,664,503,28,58,75.8,11.5
Kerry,2020,Q4,30-34,837,658,40,55,78.6,8.4
Kerry,2021,Q1,15-19,645,221,12,27,34.3,12.2
Kerry,2021,Q1,20-24,643,426,25,97,66.3,22.8
Kerry,2021,Q1,25-29,646,516,29,62,79.9,12.0
Kerry,2021,Q1,30-34,616,535,53,58,86.9,10.8
Kerry,2021,Q2,15-19,480,169,13,32,35.2,18.9
Kerry,2021,Q2,20-24,487,335,24,70,68.8,20.9
Kerry,2021,Q2,25-29,582,455,25,62,78.2,13.6
Kerry,2021,Q2,30-34,759,667,75,108,87.9,16.2
Kerry,2021,Q3,15-19,766,257,23,32,33.6,12.5
Kerry,2021,Q3,20-24,664,462,55,95,69.6,20.6
Kerry,2021,Q3,25-29,538,427,28,66,79.4,15.5
Kerry,2021,Q3,30-34,621,524,46,67,84.4,12.8
Kerry,2021,Q4,15-19,593,208,18,24,35.1,11.5
Kerry,2021,Q4,20-24,562,380,35,44,67.6,11.6
Kerry,2021,Q4,25-29,783,645,54,145,82.4,22.5
Kerry,2021,Q4,30-34,713,614,40,122,86.1,19.9
Kerry,2022,Q1,15-19,778,292,29,36,37.5,12.3
Kerry,2022,Q1,20-24,562,402,26,53,71.5,13.2
Kerry,2022,Q1,25-29,541,492,30,89,90.9,18.1
Kerry,2022,Q1,30-34,567,521,33,95,91.9,18.2
Kerry,2022,Q2,15-19,655,253,25,33,38.6,13.0
Kerry,2022,Q2,20-24,658,473,36,91,71.9,19.2
Kerry,2022,Q2,25-29,542,470,35,98,86.7,20.9
Kerry,2022,Q2,30-34,630,586,27,91,93.0,15.5
Kerry,2022,Q3,15-19,605,235,19,56,38.8,23.8
Kerry,2022,Q3,20-24,762,549,62,53,72.0,9.7
Kerry,2022,Q3,25-29,561,482,46,62,85.9,12.9
Kerry,2022,Q3,30-34,704,688,52,113,97.7,16.4
Kerry,2022,Q4,15-19,629,226,10,51,35.9,22.6
Kerry,2022,Q4,20-24,695,509,57,108,73.2,21.2
Kerry,2022,Q4,25-29,649,550,22,66,84.7,12.0
Kerry,2022,Q4,30-34,813,761,54,170,93.6,22.3
Kerry,2023,Q1,15-19,563,221,14,43,39.3,19.5
Kerry,2023,Q1,20-24,556,410,40,97,73.7,23.7
Kerry,2023,Q1,25-29,568,504,53,54,88.7,10.7
Kerry,2023,Q1,30-34,747,715,35,141,95.7,19.7
Kerry,2023,Q2,15-19,629,232,22,43,36.9,18.5
Kerry,2023,Q2,20-24,521,398,26,81,76.4,20.4
Kerry,2023,Q2,25-29,534,493,52,88,92.3,17.8
Kerry,2023,Q2,30-34,594,587,42,83,98.8,14.1
Kerry,2023,Q3,15-19,781,292,29,30,37.4,10.3
Kerry,2023,Q3,20-24,666,488,23,88,73.3,18.0
Kerry,2023,Q3,25-29,597,515,45,106,86.3,20.6
Kerry,2023,Q3,30-34,497,490,28,111,98.6,22.7
Kerry,2023,Q4,15-19,746,278,20,59,37.3,21.2
Kerry,2023,Q4,20-24,776,558,27,52,71.9,9.3
Kerry,2023,Q4,25-29,742,648,77,116,87.3,17.9
Kerry,2023,Q4,30-34,594,578,64,119,97.3,20.6
Kerry,2024,Q1,15-19,492,190,12,28,38.6,14.7
Kerry,2024,Q1,20-24,796,602,31,136,75.6,22.6
Kerry,2024,Q1,25-29,777,704,75,89,90.6,12.6
Kerry,2024,Q1,30-34,622,588,50,126,94.5,21.4
Kerry,2024,Q2,15-19,640,247,15,59,38.6,23.9
Kerry,2024,Q2,20-24,483,369,17,58,76.4,15.7
Kerry,2024,Q2,25-29,495,465,30,61,93.9,13.1
Kerry,2024,Q2,30-34,822,811,95,148,98.7,18.2
Kerry,2024,Q3,15-19,795,316,18,41,39.7,13.0
Kerry,2024,Q3,20-24,718,545,62,108,75.9,19.8
Kerry,2024,Q3,25-29,681,626,36,126,91.9,20.1
Kerry,2024,Q3,30-34,552,552,58,105,100.0,19.0
Kerry,2024,Q4,15-19,566,226,26,36,39.9,15.9
Kerry,2024,Q4,20-24,577,431,40,85,74.7,19.7
Kerry,2024,Q4,25-29,757,682,37,79,90.1,11.6
Kerry,2024,Q4,30-34,593,562,32,98,94.8,17.4
Kerry,2025,Q1,15-19,595,235,13,41,39.5,17.4
Kerry,2025,Q1,20-24,582,437,28,101,75.1,23.1
Kerry,2025,Q1,25-29,829,792,89,157,95.5,19.8
Kerry,2025,Q1,30-34,667,649,30,94,97.3,14.5
Kerry,2025,Q2,15-19,597,240,17,40,40.2,16.7
Kerry,2025,Q2,20-24,708,526,56,96,74.3,18.3
Kerry,2025,Q2,25-29,775,693,70,122,89.4,17.6
Kerry,2025,Q2,30-34,567,550,46,76,97.0,13.8
Kerry,2025,Q3,15-19,600,237,15,23,39.5,9.7
Kerry,2025,Q3,20-24,543,399,47,100,73.5,25.1
Kerry,2025,Q3,25-29,750,677,38,159,90.3,23.5
Kerry,2025,Q3,30-34,781,792,91,126,101.4,15.9
Kerry,2025,Q4,15-19,788,322,17,54,40.9,16.8
Kerry,2025,Q4,20-24,797,591,68,73,74.2,12.4
Kerry,2025,Q4,25-29,529,503,37,88,95.1,17.5
Kerry,2025,Q4,30-34,497,503,25,94,101.2,18.7
Kildare,2018,Q1,15-19,1294,462,51,42,35.7,9.1
Kildare,2018,Q1,20-24,1113,747,77,65,67.1,8.7
Kildare,2018,Q1,25-29,1154,954,50,107,82.7,11.2
Kildare,2018,Q1,30-34,1322,1194,138,146,90.3,12.2
Kildare,2018,Q2,15-19,1247,428,26,36,34.3,8.4
Kildare,2018,Q2,20-24,853,566,41,46,66.4,8.1
Kildare,2018,Q2,25-29,1282,1011,87,82,78.9,8.1
Kildare,2018,Q2,30-34,1163,1008,60,179,86.7,17.8
Kildare,2018,Q3,15-19,1132,398,16,35,35.2,8.8
Kildare,2018,Q3,20-24,1082,739,73,72,68.3,9.7
Kildare,2018,Q3,25-29,1374,1086,80,213,79.0,19.6
Kildare,2018,Q3,30-34,816,702,45,81,86.0,11.5
Kildare,2018,Q4,15-19,1319,477,22,68,36.2,14.3
Kildare,2018,Q4,20-24,974,681,31,74,69.9,10.9
Kildare,2018,Q4,25-29,870,687,54,97,79.0,14.1
Kildare,2018,Q4,30-34,994,873,83,137,87.8,15.7
Kildare,2019,Q1,15-19,1260,451,47,86,35.8,19.1
Kildare,2019,Q1,20-24,1084,729,44,97,67.3,13.3
Kildare,2019,Q1,25-29,1023,866,38,75,84.7,8.7
Kildare,2019,Q1,30-34,844,746,77,87,88.4,11.7
Kildare,2019,Q2,15-19,1020,358,23,45,35.1,12.6
Kildare,2019,Q2,20-24,1349,914,85,183,67.8,20.0
Kildare,2019,Q2,25-29,808,676,32,59,83.7,8.7
Kildare,2019,Q2,30-34,1386,1227,114,148,88.5,12.1
Kildare,2019,Q3,15-19,1388,514,26,115,37.0,22.4
Kildare,2019,Q3,20-24,946,637,43,121,67.3,19.0
Kildare,2019,Q3,25-29,988,833,98,160,84.3,19.2
Kildare,2019,Q3,30-34,986,877,65,113,88.9,12.9
Kildare,2019,Q4,15-19,943,339,14,48,35.9,14.2
Kildare,2019,Q4,20-24,887,629,53,121,70.9,19.2
Kildare,2019,Q4,25-29,1209,1011,60,151,83.6,14.9
Kildare,2019,Q4,30-34,1147,1002,92,194,87.4,19.4
Kildare,2020,Q1,15-19,1185,381,30,35,32.2,9.2
Kildare,2020,Q1,20-24,1095,656,76,68,59.9,10.4
Kildare,2020,Q1,25-29,994,753,65,130,75.8,17.3
Kildare,2020,Q1,30-34,1115,858,60,90,77.0,10.5
Kildare,2020,Q2,15-19,895,279,26,33,31.2,11.8
Kildare,2020,Q2,20-24,1160,727,43,130,62.7,17.9
Kildare,2020,Q2,25-29,1036,781,84,70,75.4,9.0
Kildare,2020,Q2,30-34,1352,1127,61,193,83.4,17.1
Kildare,2020,Q3,15-19,811,255,19,21,31.4,8.2
Kildare,2020,Q3,20-24,1304,792,33,140,60.7,17.7
Kildare,2020,Q3,25-29,1120,848,83,132,75.7,15.6
Kildare,2020,Q3,30-34,1185,963,112,88,81.3,9.1
Kildare,2020,Q4,15-19,1323,425,22,37,32.1,8.7
Kildare,2020,Q4,20-24,927,591,30,123,63.8,20.8
Kildare,2020,Q4,25-29,1219,927,95,213,76.0,23.0
Kildare,2020,Q4,30-34,1239,1017,95,187,82.1,18.4
Kildare,2021,Q1,15-19,1329,463,27,92,34.8,19.9
Kildare,2021,Q1,20-24,1199,789,73,143,65.8,18.1
Kildare,2021,Q1,25-29,1261,1019,44,192,80.8,18.8
Kildare,2021,Q1,30-34,1136,1003,84,137,88.3,13.7
Kildare,2021,Q2,15-19,1326,444,47,99,33.5,22.3
Kildare,2021,Q2,20-24,908,631,57,81,69.5,12.8
Kildare,2021,Q2,25-29,1005,791,31,152,78.7,19.2
Kildare,2021,Q2,30-34,1275,1089,44,182,85.4,16.7
Kildare,2021,Q3,15-19,1050,373,41,63,35.5,16.9
Kildare,2021,Q3,20-24,1310,886,62,157,67.6,17.7
Kildare,2021,Q3,25-29,1307,1038,73,164,79.4,15.8
Kildare,2021,Q3,30-34,1386,1240,146,182,89.5,14.7
Kildare,2021,Q4,15-19,853,304,36,52,35.6,17.1
Kildare,2021,Q4,20-24,992,658,51,88,66.3,13.4
Kildare,2021,Q4,25-29,1125,920,87,129,81.8,14.0
Kildare,2021,Q4,30-34,987,834,71,158,84.5,18.9
Kildare,2022,Q1,15-19,1075,411,45,67,38.2,16.3
Kildare,2022,Q1,20-24,901,635,65,121,70.5,19.1
Kildare,2022,Q1,25-29,1240,1071,80,196,86.4,18.3
Kildare,2022,Q1,30-34,842,775,38,183,92.0,23.6
Kildare,2022,Q2,15-19,825,304,18,62,36.8,20.4
Kildare,2022,Q2,20-24,1239,871,42,155,70.3,17.8
Kildare,2022,Q2,25-29,1238,1065,96,228,86.0,21.4
Kildare,2022,Q2,30-34,1226,1135,81,204,92.6,18.0
Kildare,2022,Q3,15-19,1168,442,49,94,37.8,21.3
Kildare,2022,Q3,20-24,1242,878,97,87,70.7,9.9
Kildare,2022,Q3,25-29,1158,1015,56,199,87.7,19.6
Kildare,2022,Q3,30-34,1362,1327,55,181,97.4,13.6
Kildare,2022,Q4,15-19,1068,409,39,56,38.3,13.7
Kildare,2022,Q4,20-24,1059,765,76,120,72.2,15.7
Kildare,2022,Q4,25-29,1322,1150,96,241,87.0,21.0
Kildare,2022,Q4,30-34,1297,1231,144,179,94.9,14.5
Kildare,2023,Q1,15-19,853,324,14,37,38.0,11.4
Kildare,2023,Q1,20-24,1346,1010,121,162,75.0,16.0
Kildare,2023,Q1,25-29,1213,1122,123,180,92.5,16.0
Kildare,2023,Q1,30-34,1016,967,68,187,95.2,19.3
Kildare,2023,Q2,15-19,1375,522,37,84,38.0,16.1
Kildare,2023,Q2,20-24,1016,779,71,187,76.7,24.0
Kildare,2023,Q2,25-29,968,843,51,145,87.1,17.2
Kildare,2023,Q2,30-34,1105,1051,70,115,95.1,10.9
Kildare,2023,Q3,15-19,987,366,36,44,37.1,12.0
Kildare,2023,Q3,20-24,1059,788,69,179,74.4,22.7
Kildare,2023,Q3,25-29,1090,944,56,128,86.6,13.6
Kildare,2023,Q3,30-34,1082,1045,54,122,96.6,11.7
Kildare,2023,Q4,15-19,1212,449,23,71,37.0,15.8
Kildare,2023,Q4,20-24,1059,792,64,111,74.8,14.0
Kildare,2023,Q4,25-29,838,749,41,104,89.4,13.9
Kildare,2023,Q4,30-34,865,838,89,178,96.9,21.2
Kildare,2024,Q1,15-19,1054,423,21,98,40.1,23.2
Kildare,2024,Q1,20-24,1398,1038,74,196,74.2,18.9
Kildare,2024,Q1,25-29,1397,1266,93,319,90.6,25.2
Kildare,2024,Q1,30-34,1341,1325,104,294,98.8,22.2
Kildare,2024,Q2,15-19,954,365,40,34,38.3,9.3
Kildare,2024,Q2,20-24,1340,991,50,161,74.0,16.2
Kildare,2024,Q2,25-29,1286,1157,51,218,90.0,18.8
Kildare,2024,Q2,30-34,1221,1163,87,116,95.2,10.0
Kildare,2024,Q3,15-19,1177,454,25,61,38.6,13.4
Kildare,2024,Q3,20-24,897,692,58,155,77.1,22.4
Kildare,2024,Q3,25-29,933,845,63,79,90.6,9.3
Kildare,2024,Q3,30-34,943,946,50,150,100.3,15.9
Kildare,2024,Q4,15-19,978,383,32,46,39.2,12.0
Kildare,2024,Q4,20-24,1215,939,96,129,77.3,13.7
Kildare,2024,Q4,25-29,1242,1103,102,115,88.8,10.4
Kildare,2024,Q4,30-34,922,874,47,108,94.8,12.4
Kildare,2025,Q1,15-19,834,316,22,56,37.9,17.7
Kildare,2025,Q1,20-24,946,746,45,93,78.9,12.5
Kildare,2025,Q1,25-29,974,899,40,95,92.3,10.6
Kildare,2025,Q1,30-34,815,811,89,150,99.5,18.5
Kildare,2025,Q2,15-19,1132,432,48,95,38.2,22.0
Kildare,2025,Q2,20-24,1025,765,63,153,74.6,20.0
Kildare,2025,Q2,25-29,800,728,63,122,91.0,16.8
Kildare,2025,Q2,30-34,1168,1118,59,128,95.7,11.4
Kildare,2025,Q3,15-19,1293,510,30,77,39.4,15.1
Kildare,2025,Q3,20-24,970,754,74,76,77.7,10.1
Kildare,2025,Q3,25-29,989,904,76,96,91.4,10.6
Kildare,2025,Q3,30-34,1243,1199,53,178,96.5,14.8
Kildare,2025,Q4,15-19,910,356,32,67,39.1,18.8
Kildare,2025,Q4,20-24,867,646,30,162,74.5,25.1
Kildare,2025,Q4,25-29,1317,1238,80,196,94.0,15.8
Kildare,2025,Q4,30-34,1068,1030,45,201,96.4,19.5
Kilkenny,2018,Q1,15-19,432,152,7,19,35.2,12.5
Kilkenny,2018,Q1,20-24,693,455,28,58,65.7,12.7
Kilkenny,2018,Q1,25-29,473,403,23,81,85.2,20.1
Kilkenny,2018,Q1,30-34,586,525,41,88,89.6,16.8
Kilkenny,2018,Q2,15-19,619,221,14,40,35.7,18.1
Kilkenny,2018,Q2,20-24,544,379,39,76,69.7,20.1
Kilkenny,2018,Q2,25-29,488,414,46,70,84.8,16.9
Kilkenny,2018,Q2,30-34,483,426,30,65,88.2,15.3
Kilkenny,2018,Q3,15-19,554,187,16,35,33.8,18.7
Kilkenny,2018,Q3,20-24,678,443,43,70,65.3,15.8
Kilkenny,2018,Q3,25-29,442,376,21,48,85.1,12.8
Kilkenny,2018,Q3,30-34,431,386,37,62,89.6,16.1
Kilkenny,2018,Q4,15-19,694,244,20,25,35.2,10.2
Kilkenny,2018,Q4,20-24,556,368,23,41,66.2,11.1
Kilkenny,2018,Q4,25-29,443,370,15,47,83.5,12.7
Kilkenny,2018,Q4,30-34,424,359,34,45,84.7,12.5
Kilkenny,2019,Q1,15-19,522,186,19,34,35.6,18.3
Kilkenny,2019,Q1,20-24,455,305,22,38,67.0,12.5
Kilkenny,2019,Q1,25-29,600,508,27,64,84.7,12.6
Kilkenny,2019,Q1,30-34,548,490,30,91,89.4,18.6
Kilkenny,2019,Q2,15-19,437,156,17,16,35.7,10.3
Kilkenny,2019,Q2,20-24,577,385,16,71,66.7,18.4
Kilkenny,2019,Q2,25-29,571,477,53,52,83.5,10.9
Kilkenny,2019,Q2,30-34,614,549,27,91,89.4,16.6
Kilkenny,2019,Q3,15-19,510,186,13,35,36.5,18.8
Kilkenny,2019,Q3,20-24,649,440,29,46,67.8,10.5
Kilkenny,2019,Q3,25-29,619,511,38,85,82.6,16.6
Kilkenny,2019,Q3,30-34,410,365,32,34,89.0,9.3
Kilkenny,2019,Q4,15-19,675,244,24,45,36.1,18.4
Kilkenny,2019,Q4,20-24,536,364,26,72,67.9,19.8
Kilkenny,2019,Q4,25-29,407,336,36,42,82.6,12.5
Kilkenny,2019,Q4,30-34,476,441,18,45,92.6,10.2
Kilkenny,2020,Q1,15-19,434,138,11,25,31.8,18.1
Kilkenny,2020,Q1,20-24,662,394,38,45,59.5,11.4
Kilkenny,2020,Q1,25-29,403,304,19,28,75.4,9.2
Kilkenny,2020,Q1,30-34,458,352,39,30,76.9,8.5
Kilkenny,2020,Q2,15-19,481,153,14,18,31.8,11.8
Kilkenny,2020,Q2,20-24,436,275,17,39,63.1,14.2
Kilkenny,2020,Q2,25-29,643,464,32,64,72.2,13.8
Kilkenny,2020,Q2,30-34,498,408,38,92,81.9,22.5
Kilkenny,2020,Q3,15-19,491,152,14,29,31.0,19.1
Kilkenny,2020,Q3,20-24,452,285,19,30,63.1,10.5
Kilkenny,2020,Q3,25-29,693,524,52,61,75.6,11.6
Kilkenny,2020,Q3,30-34,633,508,57,103,80.3,20.3
Kilkenny,2020,Q4,15-19,580,183,18,39,31.6,21.3
Kilkenny,2020,Q4,20-24,491,295,27,52,60.1,17.6
Kilkenny,2020,Q4,25-29,670,494,22,76,73.7,15.4
Kilkenny,2020,Q4,30-34,515,423,19,72,82.1,17.0
Kilkenny,2021,Q1,15-19,697,248,15,53,35.6,21.4
Kilkenny,2021,Q1,20-24,477,328,20,73,68.8,22.3
Kilkenny,2021,Q1,25-29,507,423,28,39,83.4,9.2
Kilkenny,2021,Q1,30-34,475,405,24,53,85.3,13.1
Kilkenny,2021,Q2,15-19,541,192,20,20,35.5,10.4
Kilkenny,2021,Q2,20-24,410,280,16,63,68.3,22.5
Kilkenny,2021,Q2,25-29,489,411,26,88,84.0,21.4
Kilkenny,2021,Q2,30-34,495,417,38,75,84.2,18.0
Kilkenny,2021,Q3,15-19,593,200,8,38,33.7,19.0
Kilkenny,2021,Q3,20-24,631,436,30,48,69.1,11.0
Kilkenny,2021,Q3,25-29,548,446,24,86,81.4,19.3
Kilkenny,2021,Q3,30-34,591,514,53,120,87.0,23.3
Kilkenny,2021,Q4,15-19,401,141,6,29,35.2,20.6
Kilkenny,2021,Q4,20-24,623,426,48,45,68.4,10.6
Kilkenny,2021,Q4,25-29,411,324,28,42,78.8,13.0
Kilkenny,2021,Q4,30-34,648,544,63,102,84.0,18.8
Kilkenny,2022,Q1,15-19,523,192,11,44,36.7,22.9
Kilkenny,2022,Q1,20-24,580,410,48,72,70.7,17.6
Kilkenny,2022,Q1,25-29,527,445,37,106,84.4,23.8
Kilkenny,2022,Q1,30-34,622,575,47,65,92.4,11.3
Kilkenny,2022,Q2,15-19,440,164,18,27,37.3,16.5
Kilkenny,2022,Q2,20-24,674,474,34,76,70.3,16.0
Kilkenny,2022,Q2,25-29,578,514,45,78,88.9,15.2
Kilkenny,2022,Q2,30-34,698,653,68,147,93.6,22.5
Kilkenny,2022,Q3,15-19,552,209,15,33,37.9,15.8
Kilkenny,2022,Q3,20-24,620,435,49,82,70.2,18.9
Kilkenny,2022,Q3,25-29,594,514,55,65,86.5,12.6
Kilkenny,2022,Q3,30-34,623,580,25,69,93.1,11.9
Kilkenny,2022,Q4,15-19,612,224,8,51,36.6,22.8
Kilkenny,2022,Q4,20-24,538,402,40,80,74.7,19.9
Kilkenny,2022,Q4,25-29,664,594,34,116,89.5,19.5
Kilkenny,2022,Q4,30-34,465,439,29,63,94.4,14.4
Kilkenny,2023,Q1,15-19,671,260,15,54,38.7,20.8
Kilkenny,2023,Q1,20-24,690,495,29,103,71.7,20.8
Kilkenny,2023,Q1,25-29,635,546,38,118,86.0,21.6
Kilkenny,2023,Q1,30-34,456,435,40,74,95.4,17.0
Kilkenny,2023,Q2,15-19,439,171,16,16,39.0,9.4
Kilkenny,2023,Q2,20-24,435,321,38,67,73.8,20.9
Kilkenny,2023,Q2,25-29,634,579,64,88,91.3,15.2
Kilkenny,2023,Q2,30-34,581,546,45,122,94.0,22.3
Kilkenny,2023,Q3,15-19,615,232,13,50,37.7,21.6
Kilkenny,2023,Q3,20-24,463,354,16,87,76.5,24.6
Kilkenny,2023,Q3,25-29,520,451,37,53,86.7,11.8
Kilkenny,2023,Q3,30-34,686,651,71,151,94.9,23.2
Kilkenny,2023,Q4,15-19,606,235,19,52,38.8,22.1
Kilkenny,2023,Q4,20-24,478,341,21,46,71.3,13.5
Kilkenny,2023,Q4,25-29,598,541,58,126,90.5,23.3
Kilkenny,2023,Q4,30-34,683,643,42,59,94.1,9.2
Kilkenny,2024,Q1,15-19,456,172,18,30,37.7,17.4
Kilkenny,2024,Q1,20-24,560,437,26,100,78.0,22.9
Kilkenny,2024,Q1,25-29,645,583,45,73,90.4,12.5
Kilkenny,2024,Q1,30-34,432,432,34,40,100.0,9.3
Kilkenny,2024,Q2,15-19,667,268,23,46,40.2,17.2
Kilkenny,2024,Q2,20-24,480,358,25,64,74.6,17.9
Kilkenny,2024,Q2,25-29,563,515,49,63,91.5,12.2
Kilkenny,2024,Q2,30-34,440,429,44,90,97.5,21.0
Kilkenny,2024,Q3,15-19,569,223,11,34,39.2,15.2
Kilkenny,2024,Q3,20-24,505,376,27,37,74.5,9.8
Kilkenny,2024,Q3,25-29,604,536,32,132,88.7,24.6
Kilkenny,2024,Q3,30-34,448,420,22,65,93.8,15.5
Kilkenny,2024,Q4,15-19,492,193,15,43,39.2,22.3
Kilkenny,2024,Q4,20-24,699,531,41,89,76.0,16.8
Kilkenny,2024,Q4,25-29,673,617,34,71,91.7,11.5
Kilkenny,2024,Q4,30-34,484,473,47,106,97.7,22.4
Kilkenny,2025,Q1,15-19,543,219,9,32,40.3,14.6
Kilkenny,2025,Q1,20-24,534,414,47,81,77.5,19.6
Kilkenny,2025,Q1,25-29,444,413,43,64,93.0,15.5
Kilkenny,2025,Q1,30-34,504,496,58,100,98.4,20.2
Kilkenny,2025,Q2,15-19,427,169,13,36,39.6,21.3
Kilkenny,2025,Q2,20-24,541,404,31,91,74.7,22.5
Kilkenny,2025,Q2,25-29,464,424,34,68,91.4,16.0
Kilkenny,2025,Q2,30-34,507,498,22,93,98.2,18.7
Kilkenny,2025,Q3,15-19,436,174,11,18,39.9,10.3
Kilkenny,2025,Q3,20-24,420,310,16,44,73.8,14.2
Kilkenny,2025,Q3,25-29,514,487,34,65,94.7,13.3
Kilkenny,2025,Q3,30-34,568,545,46,103,96.0,18.9
Kilkenny,2025,Q4,15-19,570,225,24,41,39.5,18.2
Kilkenny,2025,Q4,20-24,536,417,26,80,77.8,19.2
Kilkenny,2025,Q4,25-29,664,606,61,90,91.3,14.9
Kilkenny,2025,Q4,30-34,568,562,48,106,98.9,18.9
Laois,2018,Q1,15-19,319,109,8,12,34.2,11.0
Laois,2018,Q1,20-24,313,216,24,30,69.0,13.9
Laois,2018,Q1,25-29,285,229,20,44,80.4,19.2
Laois,2018,Q1,30-34,279,242,27,38,86.7,15.7
Laois,2018,Q2,15-19,416,149,10,20,35.8,13.4
Laois,2018,Q2,20-24,409,285,33,54,69.7,18.9
Laois,2018,Q2,25-29,253,211,22,41,83.4,19.4
Laois,2018,Q2,30-34,278,235,16,40,84.5,17.0
Laois,2018,Q3,15-19,372,131,10,21,35.2,16.0
Laois,2018,Q3,20-24,284,188,18,29,66.2,15.4
Laois,2018,Q3,25-29,266,219,17,18,82.3,8.2
Laois,2018,Q3,30-34,412,351,28,47,85.2,13.4
Laois,2018,Q4,15-19,393,136,10,27,34.6,19.9
Laois,2018,Q4,20-24,406,276,24,48,68.0,17.4
Laois,2018,Q4,25-29,324,265,19,23,81.8,8.7
Laois,2018,Q4,30-34,376,327,21,43,87.0,13.1
Laois,2019,Q1,15-19,330,118,6,22,35.8,18.6
Laois,2019,Q1,20-24,294,207,21,45,70.4,21.7
Laois,2019,Q1,25-29,341,281,25,25,82.4,8.9
Laois,2019,Q1,30-34,297,259,12,52,87.2,20.1
Laois,2019,Q2,15-19,313,112,8,16,35.8,14.3
Laois,2019,Q2,20-24,407,283,16,57,69.5,20.1
Laois,2019,Q2,25-29,346,295,31,31,85.3,10.5
Laois,2019,Q2,30-34,297,273,27,53,91.9,19.4
Laois,2019,Q3,15-19,242,87,4,9,36.0,10.3
Laois,2019,Q3,20-24,361,254,27,46,70.4,18.1
Laois,2019,Q3,25-29,381,324,20,38,85.0,11.7
Laois,2019,Q3,30-34,348,301,24,60,86.5,19.9
Laois,2019,Q4,15-19,394,136,13,25,34.5,18.4
Laois,2019,Q4,20-24,276,198,19,42,71.7,21.2
Laois,2019,Q4,25-29,264,224,12,28,84.8,12.5
Laois,2019,Q4,30-34,319,288,25,43,90.3,14.9
Laois,2020,Q1,15-19,395,123,6,23,31.1,18.7
Laois,2020,Q1,20-24,380,241,13,23,63.4,9.5
Laois,2020,Q1,25-29,377,281,30,54,74.5,19.2
Laois,2020,Q1,30-34,310,245,28,53,79.0,21.6
Laois,2020,Q2,15-19,280,87,8,18,31.1,20.7
Laois,2020,Q2,20-24,406,247,26,22,60.8,8.9
Laois,2020,Q2,25-29,356,267,26,41,75.0,15.4
Laois,2020,Q2,30-34,319,259,17,28,81.2,10.8
Laois,2020,Q3,15-19,256,79,6,11,30.9,13.9
Laois,2020,Q3,20-24,345,219,10,26,63.5,11.9
Laois,2020,Q3,25-29,293,216,25,32,73.7,14.8
Laois,2020,Q3,30-34,256,198,21,20,77.3,10.1
Laois,2020,Q4,15-19,412,131,15,15,31.8,11.5
Laois,2020,Q4,20-24,308,183,13,30,59.4,16.4
Laois,2020,Q4,25-29,360,265,17,26,73.6,9.8
Laois,2020,Q4,30-34,332,257,26,58,77.4,22.6
Laois,2021,Q1,15-19,295,102,8,13,34.6,12.7
Laois,2021,Q1,20-24,252,171,13,27,67.9,15.8
Laois,2021,Q1,25-29,323,257,13,25,79.6,9.7
Laois,2021,Q1,30-34,403,338,26,75,83.9,22.2
Laois,2021,Q2,15-19,241,81,3,10,33.6,12.3
Laois,2021,Q2,20-24,317,219,18,35,69.1,16.0
Laois,2021,Q2,25-29,416,348,34,57,83.7,16.4
Laois,2021,Q2,30-34,385,338,15,63,87.8,18.6
Laois,2021,Q3,15-19,324,115,7,10,35.5,8.7
Laois,2021,Q3,20-24,315,216,15,47,68.6,21.8
Laois,2021,Q3,25-29,394,312,30,39,79.2,12.5
Laois,2021,Q3,30-34,349,299,16,66,85.7,22.1
Laois,2021,Q4,15-19,251,86,5,15,34.3,17.4
Laois,2021,Q4,20-24,412,271,25,61,65.8,22.5
Laois,2021,Q4,25-29,306,247,14,37,80.7,15.0
Laois,2021,Q4,30-34,385,327,16,38,84.9,11.6
Laois,2022,Q1,15-19,296,115,12,24,38.9,20.9
Laois,2022,Q1,20-24,362,253,17,34,69.9,13.4
Laois,2022,Q1,25-29,345,293,24,66,84.9,22.5
Laois,2022,Q1,30-34,324,313,15,72,96.6,23.0
Laois,2022,Q2,15-19,349,132,9,30,37.8,22.7
Laois,2022,Q2,20-24,294,211,20,43,71.8,20.4
Laois,2022,Q2,25-29,331,284,29,57,85.8,20.1
Laois,2022,Q2,30-34,306,286,17,38,93.5,13.3
Laois,2022,Q3,15-19,240,93,4,13,38.8,14.0
Laois,2022,Q3,20-24,304,219,22,33,72.0,15.1
Laois,2022,Q3,25-29,411,371,36,63,90.3,17.0
Laois,2022,Q3,30-34,307,295,21,53,96.1,18.0
Laois,2022,Q4,15-19,368,135,8,31,36.7,23.0
Laois,2022,Q4,20-24,260,186,12,35,71.5,18.8
Laois,2022,Q4,25-29,350,318,34,56,90.9,17.6
Laois,2022,Q4,30-34,266,252,23,38,94.7,15.1
Laois,2023,Q1,15-19,369,138,11,17,37.4,12.3
Laois,2023,Q1,20-24,408,307,28,29,75.2,9.4
Laois,2023,Q1,25-29,349,323,23,54,92.6,16.7
Laois,2023,Q1,30-34,353,334,27,67,94.6,20.1
Laois,2023,Q2,15-19,401,152,11,22,37.9,14.5
Laois,2023,Q2,20-24,365,276,26,62,75.6,22.5
Laois,2023,Q2,25-29,390,346,16,32,88.7,9.2
Laois,2023,Q2,30-34,252,235,24,41,93.3,17.4
Laois,2023,Q3,15-19,301,117,7,17,38.9,14.5
Laois,2023,Q3,20-24,283,209,22,28,73.9,13.4
Laois,2023,Q3,25-29,360,313,25,63,86.9,20.1
Laois,2023,Q3,30-34,245,234,13,27,95.5,11.5
Laois,2023,Q4,15-19,413,155,16,14,37.5,9.0
Laois,2023,Q4,20-24,252,184,8,29,73.0,15.8
Laois,2023,Q4,25-29,396,359,42,35,90.7,9.7
Laois,2023,Q4,30-34,357,332,38,63,93.0,19.0
Laois,2024,Q1,15-19,248,92,3,19,37.1,20.7
Laois,2024,Q1,20-24,411,308,27,49,74.9,15.9
Laois,2024,Q1,25-29,412,368,31,40,89.3,10.9
Laois,2024,Q1,30-34,373,361,29,60,96.8,16.6
Laois,2024,Q2,15-19,319,123,13,26,38.6,21.1
Laois,2024,Q2,20-24,305,231,26,57,75.7,24.7
Laois,2024,Q2,25-29,351,317,19,78,90.3,24.6
Laois,2024,Q2,30-34,398,382,44,85,96.0,22.3
Laois,2024,Q3,15-19,297,115,12,17,38.7,14.8
Laois,2024,Q3,20-24,405,296,22,51,73.1,17.2
Laois,2024,Q3,25-29,256,224,11,51,87.5,22.8
Laois,2024,Q3,30-34,294,297,34,43,101.0,14.5
Laois,2024,Q4,15-19,388,155,6,34,39.9,21.9
Laois,2024,Q4,20-24,303,231,19,43,76.2,18.6
Laois,2024,Q4,25-29,334,304,12,40,91.0,13.2
Laois,2024,Q4,30-34,412,407,40,51,98.8,12.5
Laois,2025,Q1,15-19,379,146,12,26,38.5,17.8
Laois,2025,Q1,20-24,404,299,13,34,74.0,11.4
Laois,2025,Q1,25-29,300,284,12,39,94.7,13.7
Laois,2025,Q1,30-34,243,236,11,48,97.1,20.3
Laois,2025,Q2,15-19,302,117,11,14,38.7,12.0
Laois,2025,Q2,20-24,302,238,10,31,78.8,13.0
Laois,2025,Q2,25-29,365,339,22,77,92.9,22.7
Laois,2025,Q2,30-34,336,324,32,43,96.4,13.3
Laois,2025,Q3,15-19,353,133,12,23,37.7,17.3
Laois,2025,Q3,20-24,283,222,10,46,78.4,20.7
Laois,2025,Q3,25-29,264,250,21,53,94.7,21.2
Laois,2025,Q3,30-34,360,346,21,65,96.1,18.8
Laois,2025,Q4,15-19,387,147,12,27,38.0,18.4
Laois,2025,Q4,20-24,359,271,30,68,75.5,25.1
Laois,2025,Q4,25-29,362,344,18,42,95.0,12.2
Laois,2025,Q4,30-34,287,279,27,28,97.2,10.0
Leitrim,2018,Q1,15-19,173,62,3,11,35.8,17.7
Leitrim,2018,Q1,20-24,230,156,10,16,67.8,10.3
Leitrim,2018,Q1,25-29,231,193,15,36,83.5,18.7
Leitrim,2018,Q1,30-34,252,223,26,25,88.5,11.2
Leitrim,2018,Q2,15-19,223,74,7,9,33.2,12.2
Leitrim,2018,Q2,20-24,183,119,9,25,65.0,21.0
Leitrim,2018,Q2,25-29,195,156,16,13,80.0,8.3
Leitrim,2018,Q2,30-34,231,202,11,19,87.4,9.4
Leitrim,2018,Q3,15-19,174,59,2,8,33.9,13.6
Leitrim,2018,Q3,20-24,263,175,19,16,66.5,9.1
Leitrim,2018,Q3,25-29,279,223,12,30,79.9,13.5
Leitrim,2018,Q3,30-34,215,187,22,39,87.0,20.9
Leitrim,2018,Q4,15-19,211,73,4,13,34.6,17.8
Leitrim,2018,Q4,20-24,255,170,12,15,66.7,8.8
Leitrim,2018,Q4,25-29,188,152,14,18,80.9,11.8
Leitrim,2018,Q4,30-34,230,204,24,38,88.7,18.6
Leitrim,2019,Q1,15-19,173,60,5,11,34.7,18.3
Leitrim,2019,Q1,20-24,233,156,17,31,67.0,19.9
Leitrim,2019,Q1,25-29,239,203,19,45,84.9,22.2
Leitrim,2019,Q1,30-34,258,233,26,24,90.3,10.3
Leitrim,2019,Q2,15-19,167,59,5,4,35.3,6.8
Leitrim,2019,Q2,20-24,263,182,17,19,69.2,10.4
Leitrim,2019,Q2,25-29,183,152,6,17,83.1,11.2
Leitrim,2019,Q2,30-34,173,160,7,28,92.5,17.5
Leitrim,2019,Q3,15-19,252,89,4,19,35.3,21.3
Leitrim,2019,Q3,20-24,238,160,10,27,67.2,16.9
Leitrim,2019,Q3,25-29,193,165,16,16,85.5,9.7
Leitrim,2019,Q3,30-34,233,214,18,37,91.8,17.3
Leitrim,2019,Q4,15-19,207,72,7,6,34.8,8.3
Leitrim,2019,Q4,20-24,255,176,11,21,69.0,11.9
Leitrim,2019,Q4,25-29,219,187,9,18,85.4,9.6
Leitrim,2019,Q4,30-34,192,171,14,30,89.1,17.5
Leitrim,2020,Q1,15-19,252,77,7,16,30.6,20.8
Leitrim,2020,Q1,20-24,220,139,12,18,63.2,12.9
Leitrim,2020,Q1,25-29,258,185,11,19,71.7,10.3
Leitrim,2020,Q1,30-34,272,211,14,43,77.6,20.4
Leitrim,2020,Q2,15-19,272,89,8,8,32.7,9.0
Leitrim,2020,Q2,20-24,275,167,15,22,60.7,13.2
Leitrim,2020,Q2,25-29,160,122,10,21,76.2,17.2
Leitrim,2020,Q2,30-34,248,192,11,27,77.4,14.1
Leitrim,2020,Q3,15-19,180,59,2,12,32.8,20.3
Leitrim,2020,Q3,20-24,227,144,11,23,63.4,16.0
Leitrim,2020,Q3,25-29,242,187,21,27,77.3,14.4
Leitrim,2020,Q3,30-34,170,131,5,22,77.1,16.8
Leitrim,2020,Q4,15-19,276,90,6,17,32.6,18.9
Leitrim,2020,Q4,20-24,242,151,9,24,62.4,15.9
Leitrim,2020,Q4,25-29,169,124,14,28,73.4,22.6
Leitrim,2020,Q4,30-34,237,187,17,33,78.9,17.6
Leitrim,2021,Q1,15-19,205,69,3,9,33.7,13.0
Leitrim,2021,Q1,20-24,214,145,6,25,67.8,17.2
Leitrim,2021,Q1,25-29,169,141,10,21,83.4,14.9
Leitrim,2021,Q1,30-34,189,169,16,27,89.4,16.0
Leitrim,2021,Q2,15-19,231,82,9,10,35.5,12.2
Leitrim,2021,Q2,20-24,199,130,6,29,65.3,22.3
Leitrim,2021,Q2,25-29,249,205,16,36,82.3,17.6
Leitrim,2021,Q2,30-34,259,222,18,22,85.7,9.9
Leitrim,2021,Q3,15-19,238,83,4,9,34.9,10.8
Leitrim,2021,Q3,20-24,269,174,15,36,64.7,20.7
Leitrim,2021,Q3,25-29,242,190,10,44,78.5,23.2
Leitrim,2021,Q3,30-34,260,223,19,28,85.8,12.6
Leitrim,2021,Q4,15-19,268,94,8,16,35.1,17.0
Leitrim,2021,Q4,20-24,204,139,7,19,68.1,13.7
Leitrim,2021,Q4,25-29,216,178,11,35,82.4,19.7
Leitrim,2021,Q4,30-34,185,155,12,21,83.8,13.5
Leitrim,2022,Q1,15-19,184,70,6,12,38.0,17.1
Leitrim,2022,Q1,20-24,275,193,17,41,70.2,21.2
Leitrim,2022,Q1,25-29,240,216,13,40,90.0,18.5
Leitrim,2022,Q1,30-34,201,188,8,44,93.5,23.4
Leitrim,2022,Q2,15-19,180,65,6,7,36.1,10.8
Leitrim,2022,Q2,20-24,258,181,14,16,70.2,8.8
Leitrim,2022,Q2,25-29,251,225,18,51,89.6,22.7
Leitrim,2022,Q2,30-34,163,156,9,35,95.7,22.4
Leitrim,2022,Q3,15-19,214,81,7,16,37.9,19.8
Leitrim,2022,Q3,20-24,182,137,15,15,75.3,10.9
Leitrim,2022,Q3,25-29,174,150,9,21,86.2,14.0
Leitrim,2022,Q3,30-34,202,195,14,24,96.5,12.3
Leitrim,2022,Q4,15-19,169,65,3,12,38.5,18.5
Leitrim,2022,Q4,20-24,250,178,14,34,71.2,19.1
Leitrim,2022,Q4,25-29,165,145,11,14,87.9,9.7
Leitrim,2022,Q4,30-34,221,205,17,34,92.8,16.6
Leitrim,2023,Q1,15-19,278,108,5,11,38.8,10.2
Leitrim,2023,Q1,20-24,181,130,6,15,71.8,11.5
Leitrim,2023,Q1,25-29,218,190,10,20,87.2,10.5
Leitrim,2023,Q1,30-34,266,249,14,24,93.6,9.6
Leitrim,2023,Q2,15-19,271,101,4,16,37.3,15.8
Leitrim,2023,Q2,20-24,227,168,8,26,74.0,15.5
Leitrim,2023,Q2,25-29,272,236,22,46,86.8,19.5
Leitrim,2023,Q2,30-34,171,166,9,18,97.1,10.8
Leitrim,2023,Q3,15-19,262,96,9,22,36.6,22.9
Leitrim,2023,Q3,20-24,237,177,13,28,74.7,15.8
Leitrim,2023,Q3,25-29,237,216,24,51,91.1,23.6
Leitrim,2023,Q3,30-34,173,170,16,22,98.3,12.9
Leitrim,2023,Q4,15-19,179,70,4,6,39.1,8.6
Leitrim,2023,Q4,20-24,182,137,8,27,75.3,19.7
Leitrim,2023,Q4,25-29,191,173,11,28,90.6,16.2
Leitrim,2023,Q4,30-34,194,192,22,46,99.0,24.0
Leitrim,2024,Q1,15-19,172,64,2,11,37.2,17.2
Leitrim,2024,Q1,20-24,210,154,6,34,73.3,22.1
Leitrim,2024,Q1,25-29,252,224,20,55,88.9,24.6
Leitrim,2024,Q1,30-34,263,256,26,29,97.3,11.3
Leitrim,2024,Q2,15-19,271,108,5,15,39.9,13.9
Leitrim,2024,Q2,20-24,268,197,20,24,73.5,12.2
Leitrim,2024,Q2,25-29,210,184,12,46,87.6,25.0
Leitrim,2024,Q2,30-34,245,239,23,56,97.6,23.4
Leitrim,2024,Q3,15-19,222,83,3,9,37.4,10.8
Leitrim,2024,Q3,20-24,194,141,12,34,72.7,24.1
Leitrim,2024,Q3,25-29,276,249,24,52,90.2,20.9
Leitrim,2024,Q3,30-34,236,227,20,23,96.2,10.1
Leitrim,2024,Q4,15-19,250,97,6,9,38.8,9.3
Leitrim,2024,Q4,20-24,222,171,12,37,77.0,21.6
Leitrim,2024,Q4,25-29,256,234,21,37,91.4,15.8
Leitrim,2024,Q4,30-34,279,274,11,53,98.2,19.3
Leitrim,2025,Q1,15-19,258,103,6,18,39.9,17.5
Leitrim,2025,Q1,20-24,225,168,16,34,74.7,20.2
Leitrim,2025,Q1,25-29,225,210,24,41,93.3,19.5
Leitrim,2025,Q1,30-34,165,162,13,15,98.2,9.3
Leitrim,2025,Q2,15-19,193,77,3,18,39.9,23.4
Leitrim,2025,Q2,20-24,233,185,13,22,79.4,11.9
Leitrim,2025,Q2,25-29,174,157,14,36,90.2,22.9
Leitrim,2025,Q2,30-34,216,215,21,21,99.5,9.8
Leitrim,2025,Q3,15-19,163,62,5,9,38.0,14.5
Leitrim,2025,Q3,20-24,270,206,15,23,76.3,11.2
Leitrim,2025,Q3,25-29,233,221,24,20,94.8,9.0
Leitrim,2025,Q3,30-34,244,241,13,41,98.8,17.0
Leitrim,2025,Q4,15-19,197,80,5,20,40.6,25.0
Leitrim,2025,Q4,20-24,179,138,15,23,77.1,16.7
Leitrim,2025,Q4,25-29,180,160,14,26,88.9,16.2
Leitrim,2025,Q4,30-34,260,253,11,43,97.3,17.0
Limerick,2018,Q1,15-19,922,328,24,49,35.6,14.9
Limerick,2018,Q1,20-24,1117,769,48,124,68.8,16.1
Limerick,2018,Q1,25-29,1009,822,53,176,81.5,21.4
Limerick,2018,Q1,30-34,828,741,75,129,89.5,17.4
Limerick,2018,Q2,15-19,1236,429,20,64,34.7,14.9
Limerick,2018,Q2,20-24,982,654,77,87,66.6,13.3
Limerick,2018,Q2,25-29,1039,885,92,175,85.2,19.8
Limerick,2018,Q2,30-34,1165,1007,73,113,86.4,11.2
Limerick,2018,Q3,15-19,988,342,16,60,34.6,17.5
Limerick,2018,Q3,20-24,912,644,69,88,70.6,13.7
Limerick,2018,Q3,25-29,1206,961,99,159,79.7,16.5
Limerick,2018,Q3,30-34,1112,988,63,130,88.8,13.2
Limerick,2018,Q4,15-19,1258,427,21,84,33.9,19.7
Limerick,2018,Q4,20-24,1060,715,72,105,67.5,14.7
Limerick,2018,Q4,25-29,1105,918,87,117,83.1,12.7
Limerick,2018,Q4,30-34,787,709,40,110,90.1,15.5
Limerick,2019,Q1,15-19,912,334,21,73,36.6,21.9
Limerick,2019,Q1,20-24,1031,693,57,114,67.2,16.5
Limerick,2019,Q1,25-29,875,702,82,62,80.2,8.8
Limerick,2019,Q1,30-34,1027,902,86,75,87.8,8.3
Limerick,2019,Q2,15-19,720,259,27,21,36.0,8.1
Limerick,2019,Q2,20-24,1026,707,56,65,68.9,9.2
Limerick,2019,Q2,25-29,1202,1003,101,152,83.4,15.2
Limerick,2019,Q2,30-34,1009,914,49,189,90.6,20.7
Limerick,2019,Q3,15-19,1223,423,49,66,34.6,15.6
Limerick,2019,Q3,20-24,954,664,40,57,69.6,8.6
Limerick,2019,Q3,25-29,1067,899,103,100,84.3,11.1
Limerick,2019,Q3,30-34,812,742,37,119,91.4,16.0
Limerick,2019,Q4,15-19,1176,429,26,53,36.5,12.4
Limerick,2019,Q4,20-24,1215,872,98,167,71.8,19.2
Limerick,2019,Q4,25-29,873,707,69,68,81.0,9.6
Limerick,2019,Q4,30-34,1249,1160,130,211,92.9,18.2
Limerick,2020,Q1,15-19,1011,315,30,66,31.2,21.0
Limerick,2020,Q1,20-24,993,609,44,55,61.3,9.0
Limerick,2020,Q1,25-29,999,742,39,138,74.3,18.6
Limerick,2020,Q1,30-34,790,634,66,140,80.3,22.1
Limerick,2020,Q2,15-19,770,242,16,39,31.4,16.1
Limerick,2020,Q2,20-24,861,548,43,84,63.6,15.3
Limerick,2020,Q2,25-29,1120,860,91,123,76.8,14.3
Limerick,2020,Q2,30-34,734,608,68,105,82.8,17.3
Limerick,2020,Q3,15-19,1210,380,18,45,31.4,11.8
Limerick,2020,Q3,20-24,1189,725,38,109,61.0,15.0
Limerick,2020,Q3,25-29,1063,776,73,165,73.0,21.3
Limerick,2020,Q3,30-34,733,590,40,88,80.5,14.9
Limerick,2020,Q4,15-19,924,289,15,45,31.3,15.6
Limerick,2020,Q4,20-24,973,615,34,115,63.2,18.7
Limerick,2020,Q4,25-29,952,711,44,135,74.7,19.0
Limerick,2020,Q4,30-34,810,634,62,58,78.3,9.1
Limerick,2021,Q1,15-19,742,263,24,29,35.4,11.0
Limerick,2021,Q1,20-24,1207,801,90,84,66.4,10.5
Limerick,2021,Q1,25-29,964,784,46,82,81.3,10.5
Limerick,2021,Q1,30-34,740,668,78,95,90.3,14.2
Limerick,2021,Q2,15-19,978,326,16,72,33.3,22.1
Limerick,2021,Q2,20-24,842,574,68,72,68.2,12.5
Limerick,2021,Q2,25-29,796,623,30,53,78.3,8.5
Limerick,2021,Q2,30-34,1108,988,79,129,89.2,13.1
Limerick,2021,Q3,15-19,1075,375,35,43,34.9,11.5
Limerick,2021,Q3,20-24,1206,815,37,72,67.6,8.8
Limerick,2021,Q3,25-29,963,791,75,81,82.1,10.2
Limerick,2021,Q3,30-34,772,689,53,96,89.2,13.9
Limerick,2021,Q4,15-19,829,292,14,58,35.2,19.9
Limerick,2021,Q4,20-24,1224,793,57,186,64.8,23.5
Limerick,2021,Q4,25-29,1074,878,73,82,81.8,9.3
Limerick,2021,Q4,30-34,789,688,64,80,87.2,11.6
Limerick,2022,Q1,15-19,873,340,31,55,38.9,16.2
Limerick,2022,Q1,20-24,1053,755,45,109,71.7,14.4
Limerick,2022,Q1,25-29,953,808,61,96,84.8,11.9
Limerick,2022,Q1,30-34,1096,997,51,95,91.0,9.5
Limerick,2022,Q2,15-19,937,345,23,38,36.8,11.0
Limerick,2022,Q2,20-24,1185,865,73,98,73.0,11.3
Limerick,2022,Q2,25-29,932,808,79,134,86.7,16.6
Limerick,2022,Q2,30-34,1151,1052,123,96,91.4,9.1
Limerick,2022,Q3,15-19,1093,419,26,45,38.3,10.7
Limerick,2022,Q3,20-24,925,652,36,157,70.5,24.1
Limerick,2022,Q3,25-29,911,778,46,169,85.4,21.7
Limerick,2022,Q3,30-34,1000,977,86,86,97.7,8.8
Limerick,2022,Q4,15-19,1142,420,42,96,36.8,22.9
Limerick,2022,Q4,20-24,1060,762,55,73,71.9,9.6
Limerick,2022,Q4,25-29,825,703,50,99,85.2,14.1
Limerick,2022,Q4,30-34,954,871,53,146,91.3,16.8
Limerick,2023,Q1,15-19,775,292,15,63,37.7,21.6
Limerick,2023,Q1,20-24,801,608,42,59,75.9,9.7
Limerick,2023,Q1,25-29,766,663,78,141,86.6,21.3
Limerick,2023,Q1,30-34,819,785,62,71,95.8,9.0
Limerick,2023,Q2,15-19,1049,396,42,75,37.8,18.9
Limerick,2023,Q2,20-24,1143,873,99,91,76.4,10.4
Limerick,2023,Q2,25-29,1081,984,98,182,91.0,18.5
Limerick,2023,Q2,30-34,874,858,83,88,98.2,10.3
Limerick,2023,Q3,15-19,1081,425,26,60,39.3,14.1
Limerick,2023,Q3,20-24,785,577,48,108,73.5,18.7
Limerick,2023,Q3,25-29,910,824,98,188,90.5,22.8
Limerick,2023,Q3,30-34,1024,1009,53,245,98.5,24.3
Limerick,2023,Q4,15-19,1132,445,19,100,39.3,22.5
Limerick,2023,Q4,20-24,918,704,65,137,76.7,19.5
Limerick,2023,Q4,25-29,1033,926,80,178,89.6,19.2
Limerick,2023,Q4,30-34,1118,1081,116,189,96.7,17.5
Limerick,2024,Q1,15-19,1151,455,44,57,39.5,12.5
Limerick,2024,Q1,20-24,1215,889,42,158,73.2,17.8
Limerick,2024,Q1,25-29,987,893,45,138,90.5,15.5
Limerick,2024,Q1,30-34,898,890,106,181,99.1,20.3
Limerick,2024,Q2,15-19,1009,386,18,80,38.3,20.7
Limerick,2024,Q2,20-24,990,717,69,68,72.4,9.5
Limerick,2024,Q2,25-29,1224,1082,92,187,88.4,17.3
Limerick,2024,Q2,30-34,1032,995,81,221,96.4,22.2
Limerick,2024,Q3,15-19,964,385,30,80,39.9,20.8
Limerick,2024,Q3,20-24,727,540,30,98,74.3,18.1
Limerick,2024,Q3,25-29,896,783,70,136,87.4,17.4
Limerick,2024,Q3,30-34,777,731,54,119,94.1,16.3
Limerick,2024,Q4,15-19,1051,401,37,93,38.2,23.2
Limerick,2024,Q4,20-24,878,686,48,92,78.1,13.4
Limerick,2024,Q4,25-29,766,681,67,81,88.9,11.9
Limerick,2024,Q4,30-34,769,765,85,152,99.5,19.9
Limerick,2025,Q1,15-19,881,351,37,57,39.8,16.2
Limerick,2025,Q1,20-24,791,623,45,130,78.8,20.9
Limerick,2025,Q1,25-29,1232,1156,46,207,93.8,17.9
Limerick,2025,Q1,30-34,1229,1244,94,208,101.2,16.7
Limerick,2025,Q2,15-19,1130,443,51,90,39.2,20.3
Limerick,2025,Q2,20-24,981,772,86,141,78.7,18.3
Limerick,2025,Q2,25-29,1092,1004,86,153,91.9,15.2
Limerick,2025,Q2,30-34,919,910,40,222,99.0,24.4
Limerick,2025,Q3,15-19,1040,404,46,98,38.8,24.3
Limerick,2025,Q3,20-24,1018,793,68,198,77.9,25.0
Limerick,2025,Q3,25-29,1045,934,50,193,89.4,20.7
Limerick,2025,Q3,30-34,1053,1022,78,201,97.1,19.7
Limerick,2025,Q4,15-19,1240,507,31,117,40.9,23.1
Limerick,2025,Q4,20-24,1257,930,67,202,74.0,21.7
Limerick,2025,Q4,25-29,1022,980,60,172,95.9,17.6
Limerick,2025,Q4,30-34,841,829,89,171,98.6,20.6
Longford,2018,Q1,15-19,210,71,7,6,33.8,8.5
Longford,2018,Q1,20-24,266,181,7,24,68.0,13.3
Longford,2018,Q1,25-29,248,209,14,22,84.3,10.5
Longford,2018,Q1,30-34,239,214,21,41,89.5,19.2
Longford,2018,Q2,15-19,263,95,7,8,36.1,8.4
Longford,2018,Q2,20-24,205,140,6,25,68.3,17.9
Longford,2018,Q2,25-29,238,199,15,20,83.6,10.1
Longford,2018,Q2,30-34,242,220,24,33,90.9,15.0
Longford,2018,Q3,15-19,276,97,8,9,35.1,9.3
Longford,2018,Q3,20-24,204,139,8,11,68.1,7.9
Longford,2018,Q3,25-29,235,195,10,19,83.0,9.7
Longford,2018,Q3,30-34,192,175,13,15,91.1,8.6
Longford,2018,Q4,15-19,170,59,2,5,34.7,8.5
Longford,2018,Q4,20-24,223,151,13,13,67.7,8.6
Longford,2018,Q4,25-29,202,163,9,28,80.7,17.2
Longford,2018,Q4,30-34,238,209,20,41,87.8,19.6
Longford,2019,Q1,15-19,203,69,7,13,34.0,18.8
Longford,2019,Q1,20-24,213,149,17,27,70.0,18.1
Longford,2019,Q1,25-29,217,184,16,29,84.8,15.8
Longford,2019,Q1,30-34,200,173,15,26,86.5,15.0
Longford,2019,Q2,15-19,259,91,10,8,35.1,8.8
Longford,2019,Q2,20-24,207,148,10,21,71.5,14.2
Longford,2019,Q2,25-29,239,192,18,22,80.3,11.5
Longford,2019,Q2,30-34,169,157,7,21,92.9,13.4
Longford,2019,Q3,15-19,267,92,7,20,34.5,21.7
Longford,2019,Q3,20-24,225,150,11,12,66.7,8.0
Longford,2019,Q3,25-29,162,136,8,22,84.0,16.2
Longford,2019,Q3,30-34,266,235,26,26,88.3,11.1
Longford,2019,Q4,15-19,230,84,8,13,36.5,15.5
Longford,2019,Q4,20-24,185,129,12,14,69.7,10.9
Longford,2019,Q4,25-29,222,180,10,20,81.1,11.1
Longford,2019,Q4,30-34,163,148,16,27,90.8,18.2
Longford,2020,Q1,15-19,266,82,5,17,30.8,20.7
Longford,2020,Q1,20-24,219,140,15,11,63.9,7.9
Longford,2020,Q1,25-29,276,213,23,33,77.2,15.5
Longford,2020,Q1,30-34,231,188,16,42,81.4,22.3
Longford,2020,Q2,15-19,192,60,4,13,31.2,21.7
Longford,2020,Q2,20-24,185,116,6,22,62.7,19.0
Longford,2020,Q2,25-29,187,137,11,23,73.3,16.8
Longford,2020,Q2,30-34,170,133,5,16,78.2,12.0
Longford,2020,Q3,15-19,240,73,7,16,30.4,21.9
Longford,2020,Q3,20-24,279,174,12,31,62.4,17.8
Longford,2020,Q3,25-29,161,122,10,17,75.8,13.9
Longford,2020,Q3,30-34,253,202,10,35,79.8,17.3
Longford,2020,Q4,15-19,169,54,6,6,32.0,11.1
Longford,2020,Q4,20-24,263,163,18,36,62.0,22.1
Longford,2020,Q4,25-29,175,134,10,19,76.6,14.2
Longford,2020,Q4,30-34,182,145,6,16,79.7,11.0
Longford,2021,Q1,15-19,242,82,4,15,33.9,18.3
Longford,2021,Q1,20-24,223,150,10,33,67.3,22.0
Longford,2021,Q1,25-29,162,129,14,22,79.6,17.1
Longford,2021,Q1,30-34,195,170,19,20,87.2,11.8
Longford,2021,Q2,15-19,200,68,7,15,34.0,22.1
Longford,2021,Q2,20-24,270,177,8,31,65.6,17.5
Longford,2021,Q2,25-29,186,153,12,28,82.3,18.3
Longford,2021,Q2,30-34,184,159,8,20,86.4,12.6
Longford,2021,Q3,15-19,210,73,7,14,34.8,19.2
Longford,2021,Q3,20-24,220,144,15,27,65.5,18.8
Longford,2021,Q3,25-29,193,159,11,33,82.4,20.8
Longford,2021,Q3,30-34,188,164,14,22,87.2,13.4
Longford,2021,Q4,15-19,185,64,3,9,34.6,14.1
Longford,2021,Q4,20-24,237,162,16,25,68.4,15.4
Longford,2021,Q4,25-29,224,176,14,22,78.6,12.5
Longford,2021,Q4,30-34,187,158,17,23,84.5,14.6
Longford,2022,Q1,15-19,278,102,5,12,36.7,11.8
Longford,2022,Q1,20-24,168,120,7,13,71.4,10.8
Longford,2022,Q1,25-29,238,210,14,44,88.2,21.0
Longford,2022,Q1,30-34,202,194,21,39,96.0,20.1
Longford,2022,Q2,15-19,239,91,4,9,38.1,9.9
Longford,2022,Q2,20-24,213,159,6,34,74.6,21.4
Longford,2022,Q2,25-29,222,200,18,25,90.1,12.5
Longford,2022,Q2,30-34,267,242,14,53,90.6,21.9
Longford,2022,Q3,15-19,277,106,6,20,38.3,18.9
Longford,2022,Q3,20-24,273,196,13,33,71.8,16.8
Longford,2022,Q3,25-29,187,168,9,32,89.8,19.0
Longford,2022,Q3,30-34,243,230,22,43,94.7,18.7
Longford,2022,Q4,15-19,171,64,4,8,37.4,12.5
Longford,2022,Q4,20-24,235,174,12,23,74.0,13.2
Longford,2022,Q4,25-29,181,163,18,28,90.1,17.2
Longford,2022,Q4,30-34,231,213,14,35,92.2,16.4
Longford,2023,Q1,15-19,189,70,3,6,37.0,8.6
Longford,2023,Q1,20-24,169,124,7,16,73.4,12.9
Longford,2023,Q1,25-29,234,202,21,31,86.3,15.3
Longford,2023,Q1,30-34,227,219,22,20,96.5,9.1
Longford,2023,Q2,15-19,236,93,9,15,39.4,16.1
Longford,2023,Q2,20-24,176,125,9,14,71.0,11.2
Longford,2023,Q2,25-29,167,150,17,13,89.8,8.7
Longford,2023,Q2,30-34,195,182,8,32,93.3,17.6
Longford,2023,Q3,15-19,238,94,8,9,39.5,9.6
Longford,2023,Q3,20-24,248,187,9,32,75.4,17.1
Longford,2023,Q3,25-29,202,174,6,27,86.1,15.5
Longford,2023,Q3,30-34,192,191,12,25,99.5,13.1
Longford,2023,Q4,15-19,276,101,11,17,36.6,16.8
Longford,2023,Q4,20-24,248,190,11,43,76.6,22.6
Longford,2023,Q4,25-29,269,232,25,44,86.2,19.0
Longford,2023,Q4,30-34,253,244,25,27,96.4,11.1
Longford,2024,Q1,15-19,180,69,8,6,38.3,8.7
Longford,2024,Q1,20-24,215,162,10,33,75.3,20.4
Longford,2024,Q1,25-29,187,173,19,39,92.5,22.5
Longford,2024,Q1,30-34,268,262,27,36,97.8,13.7
Longford,2024,Q2,15-19,172,64,6,8,37.2,12.5
Longford,2024,Q2,20-24,267,208,13,22,77.9,10.6
Longford,2024,Q2,25-29,233,204,17,39,87.6,19.1
Longford,2024,Q2,30-34,179,175,18,39,97.8,22.3
Longford,2024,Q3,15-19,251,96,6,13,38.2,13.5
Longford,2024,Q3,20-24,268,194,18,43,72.4,22.2
Longford,2024,Q3,25-29,185,163,9,39,88.1,23.9
Longford,2024,Q3,30-34,237,234,18,41,98.7,17.5
Longford,2024,Q4,15-19,168,66,6,8,39.3,12.1
Longford,2024,Q4,20-24,229,168,9,33,73.4,19.6
Longford,2024,Q4,25-29,276,259,12,45,93.8,17.4
Longford,2024,Q4,30-34,263,265,18,41,100.8,15.5
Longford,2025,Q1,15-19,193,76,4,19,39.4,25.0
Longford,2025,Q1,20-24,195,144,6,35,73.8,24.3
Longford,2025,Q1,25-29,182,172,11,30,94.5,17.4
Longford,2025,Q1,30-34,225,215,12,53,95.6,24.7
Longford,2025,Q2,15-19,188,75,6,8,39.9,10.7
Longford,2025,Q2,20-24,255,197,12,47,77.3,23.9
Longford,2025,Q2,25-29,185,169,9,40,91.4,23.7
Longford,2025,Q2,30-34,191,182,15,26,95.3,14.3
Longford,2025,Q3,15-19,264,102,6,12,38.6,11.8
Longford,2025,Q3,20-24,277,212,9,41,76.5,19.3
Longford,2025,Q3,25-29,256,243,18,30,94.9,12.3
Longford,2025,Q3,30-34,179,177,17,17,98.9,9.6
Longford,2025,Q4,15-19,225,87,6,21,38.7,24.1
Longford,2025,Q4,20-24,213,159,10,18,74.6,11.3
Longford,2025,Q4,25-29,249,232,18,40,93.2,17.2
Longford,2025,Q4,30-34,163,160,12,38,98.2,23.8
Louth,2018,Q1,15-19,632,212,13,29,33.5,13.7
Louth,2018,Q1,20-24,736,488,20,82,66.3,16.8
Louth,2018,Q1,25-29,724,572,33,109,79.0,19.1
Louth,2018,Q1,30-34,908,791,88,70,87.1,8.8
Louth,2018,Q2,15-19,656,237,21,31,36.1,13.1
Louth,2018,Q2,20-24,562,394,35,54,70.1,13.7
Louth,2018,Q2,25-29,951,751,42,119,79.0,15.8
Louth,2018,Q2,30-34,702,625,44,74,89.0,11.8
Louth,2018,Q3,15-19,846,291,13,40,34.4,13.7
Louth,2018,Q3,20-24,751,492,37,42,65.5,8.5
Louth,2018,Q3,25-29,937,784,62,96,83.7,12.2
Louth,2018,Q3,30-34,958,849,70,68,88.6,8.0
Louth,2018,Q4,15-19,659,231,23,22,35.1,9.5
Louth,2018,Q4,20-24,771,504,50,73,65.4,14.5
Louth,2018,Q4,25-29,744,590,45,120,79.3,20.3
Louth,2018,Q4,30-34,793,700,65,124,88.3,17.7
Louth,2019,Q1,15-19,951,339,24,74,35.6,21.8
Louth,2019,Q1,20-24,928,661,48,119,71.2,18.0
Louth,2019,Q1,25-29,883,735,41,123,83.2,16.7
Louth,2019,Q1,30-34,720,652,70,80,90.6,12.3
Louth,2019,Q2,15-19,669,243,25,46,36.3,18.9
Louth,2019,Q2,20-24,778,545,43,101,70.1,18.5
Louth,2019,Q2,25-29,949,781,60,162,82.3,20.7
Louth,2019,Q2,30-34,602,538,28,46,89.4,8.6
Louth,2019,Q3,15-19,781,272,16,25,34.8,9.2
Louth,2019,Q3,20-24,763,531,49,113,69.6,21.3
Louth,2019,Q3,25-29,593,507,29,89,85.5,17.6
Louth,2019,Q3,30-34,652,596,40,81,91.4,13.6
Louth,2019,Q4,15-19,897,328,15,58,36.6,17.7
Louth,2019,Q4,20-24,789,559,34,61,70.8,10.9
Louth,2019,Q4,25-29,754,605,25,127,80.2,21.0
Louth,2019,Q4,30-34,595,521,51,65,87.6,12.5
Louth,2020,Q1,15-19,595,194,17,30,32.6,15.5
Louth,2020,Q1,20-24,769,495,34,52,64.4,10.5
Louth,2020,Q1,25-29,924,677,61,102,73.3,15.1
Louth,2020,Q1,30-34,840,700,36,147,83.3,21.0
Louth,2020,Q2,15-19,935,305,21,54,32.6,17.7
Louth,2020,Q2,20-24,647,414,19,76,64.0,18.4
Louth,2020,Q2,25-29,805,578,32,89,71.8,15.4
Louth,2020,Q2,30-34,831,656,50,81,78.9,12.3
Louth,2020,Q3,15-19,863,283,21,46,32.8,16.3
Louth,2020,Q3,20-24,801,512,59,82,63.9,16.0
Louth,2020,Q3,25-29,679,505,45,75,74.4,14.9
Louth,2020,Q3,30-34,838,647,51,69,77.2,10.7
Louth,2020,Q4,15-19,807,257,10,22,31.8,8.6
Louth,2020,Q4,20-24,872,528,55,48,60.6,9.1
Louth,2020,Q4,25-29,961,726,61,139,75.5,19.1
Louth,2020,Q4,30-34,709,557,40,84,78.6,15.1
Louth,2021,Q1,15-19,695,243,10,44,35.0,18.1
Louth,2021,Q1,20-24,690,456,19,107,66.1,23.5
Louth,2021,Q1,25-29,968,813,77,85,84.0,10.5
Louth,2021,Q1,30-34,858,736,48,156,85.8,21.2
Louth,2021,Q2,15-19,861,292,32,25,33.9,8.6
Louth,2021,Q2,20-24,596,417,49,47,70.0,11.3
Louth,2021,Q2,25-29,793,621,26,76,78.3,12.2
Louth,2021,Q2,30-34,906,819,80,96,90.4,11.7
Louth,2021,Q3,15-19,606,208,11,34,34.3,16.3
Louth,2021,Q3,20-24,598,396,26,34,66.2,8.6
Louth,2021,Q3,25-29,826,674,75,70,81.6,10.4
Louth,2021,Q3,30-34,863,747,58,72,86.6,9.6
Louth,2021,Q4,15-19,957,327,37,42,34.2,12.8
Louth,2021,Q4,20-24,968,661,35,105,68.3,15.9
Louth,2021,Q4,25-29,723,607,33,142,84.0,23.4
Louth,2021,Q4,30-34,747,665,61,104,89.0,15.6
Louth,2022,Q1,15-19,805,296,33,58,36.8,19.6
Louth,2022,Q1,20-24,626,446,33,81,71.2,18.2
Louth,2022,Q1,25-29,864,768,45,100,88.9,13.0
Louth,2022,Q1,30-34,896,829,87,139,92.5,16.8
Louth,2022,Q2,15-19,832,307,26,61,36.9,19.9
Louth,2022,Q2,20-24,935,701,56,109,75.0,15.5
Louth,2022,Q2,25-29,775,700,53,89,90.3,12.7
Louth,2022,Q2,30-34,736,693,76,101,94.2,14.6
Louth,2022,Q3,15-19,644,233,18,56,36.2,24.0
Louth,2022,Q3,20-24,822,597,42,82,72.6,13.7
Louth,2022,Q3,25-29,965,842,86,174,87.3,20.7
Louth,2022,Q3,30-34,790,743,57,85,94.1,11.4
Louth,2022,Q4,15-19,621,233,20,40,37.5,17.2
Louth,2022,Q4,20-24,661,482,26,102,72.9,21.2
Louth,2022,Q4,25-29,911,785,45,125,86.2,15.9
Louth,2022,Q4,30-34,944,922,64,100,97.7,10.8
Louth,2023,Q1,15-19,793,312,19,52,39.3,16.7
Louth,2023,Q1,20-24,698,528,38,125,75.6,23.7
Louth,2023,Q1,25-29,896,779,47,132,86.9,16.9
Louth,2023,Q1,30-34,944,925,44,98,98.0,10.6
Louth,2023,Q2,15-19,730,267,22,64,36.6,24.0
Louth,2023,Q2,20-24,568,408,26,94,71.8,23.0
Louth,2023,Q2,25-29,714,656,32,156,91.9,23.8
Louth,2023,Q2,30-34,751,723,33,152,96.3,21.0
Louth,2023,Q3,15-19,566,216,14,35,38.2,16.2
Louth,2023,Q3,20-24,868,656,77,139,75.6,21.2
Louth,2023,Q3,25-29,808,724,45,70,89.6,9.7
Louth,2023,Q3,30-34,623,596,49,69,95.7,11.6
Louth,2023,Q4,15-19,920,360,40,47,39.1,13.1
Louth,2023,Q4,20-24,835,610,51,59,73.1,9.7
Louth,2023,Q4,25-29,727,671,69,94,92.3,14.0
Louth,2023,Q4,30-34,828,805,32,174,97.2,21.6
Louth,2024,Q1,15-19,861,344,17,38,40.0,11.0
Louth,2024,Q1,20-24,604,437,32,101,72.4,23.1
Louth,2024,Q1,25-29,601,557,66,110,92.7,19.7
Louth,2024,Q1,30-34,576,541,27,103,93.9,19.0
Louth,2024,Q2,15-19,827,329,35,79,39.8,24.0
Louth,2024,Q2,20-24,862,672,72,139,78.0,20.7
Louth,2024,Q2,25-29,873,792,41,197,90.7,24.9
Louth,2024,Q2,30-34,593,585,39,144,98.7,24.6
Louth,2024,Q3,15-19,660,254,15,59,38.5,23.2
Louth,2024,Q3,20-24,870,677,72,94,77.8,13.9
Louth,2024,Q3,25-29,683,603,45,130,88.3,21.6
Louth,2024,Q3,30-34,656,632,28,158,96.3,25.0
Louth,2024,Q4,15-19,821,321,15,46,39.1,14.3
Louth,2024,Q4,20-24,702,530,41,108,75.5,20.4
Louth,2024,Q4,25-29,936,866,80,112,92.5,12.9
Louth,2024,Q4,30-34,567,556,31,128,98.1,23.0
Louth,2025,Q1,15-19,725,275,12,70,37.9,25.5
Louth,2025,Q1,20-24,615,453,27,91,73.7,20.1
Louth,2025,Q1,25-29,637,588,62,89,92.3,15.1
Louth,2025,Q1,30-34,571,566,34,95,99.1,16.8
Louth,2025,Q2,15-19,843,336,34,62,39.9,18.5
Louth,2025,Q2,20-24,942,721,60,87,76.5,12.1
Louth,2025,Q2,25-29,662,634,73,80,95.8,12.6
Louth,2025,Q2,30-34,958,929,57,187,97.0,20.1
Louth,2025,Q3,15-19,858,347,27,53,40.4,15.3
Louth,2025,Q3,20-24,882,676,32,140,76.6,20.7
Louth,2025,Q3,25-29,814,739,54,105,90.8,14.2
Louth,2025,Q3,30-34,795,761,62,121,95.7,15.9
Louth,2025,Q4,15-19,751,300,28,52,39.9,17.3
Louth,2025,Q4,20-24,960,738,70,108,76.9,14.6
Louth,2025,Q4,25-29,882,845,53,138,95.8,16.3
Louth,2025,Q4,30-34,647,645,54,139,99.7,21.6
Mayo,2018,Q1,15-19,631,214,23,37,33.9,17.3
Mayo,2018,Q1,20-24,680,467,24,68,68.7,14.6
Mayo,2018,Q1,25-29,517,414,38,89,80.1,21.5
Mayo,2018,Q1,30-34,491,417,19,58,84.9,13.9
Mayo,2018,Q2,15-19,678,232,24,34,34.2,14.7
Mayo,2018,Q2,20-24,568,397,25,42,69.9,10.6
Mayo,2018,Q2,25-29,515,420,23,72,81.6,17.1
Mayo,2018,Q2,30-34,425,375,30,68,88.2,18.1
Mayo,2018,Q3,15-19,692,245,22,29,35.4,11.8
Mayo,2018,Q3,20-24,545,361,26,70,66.2,19.4
Mayo,2018,Q3,25-29,656,554,31,61,84.5,11.0
Mayo,2018,Q3,30-34,608,515,58,97,84.7,18.8
Mayo,2018,Q4,15-19,520,176,16,22,33.8,12.5
Mayo,2018,Q4,20-24,593,414,41,42,69.8,10.1
Mayo,2018,Q4,25-29,514,408,33,57,79.4,14.0
Mayo,2018,Q4,30-34,513,457,36,42,89.1,9.2
Mayo,2019,Q1,15-19,625,220,12,26,35.2,11.8
Mayo,2019,Q1,20-24,566,395,17,83,69.8,21.0
Mayo,2019,Q1,25-29,566,486,51,97,85.9,20.0
Mayo,2019,Q1,30-34,611,540,56,47,88.4,8.7
Mayo,2019,Q2,15-19,439,150,12,27,34.2,18.0
Mayo,2019,Q2,20-24,681,477,19,98,70.0,20.5
Mayo,2019,Q2,25-29,593,478,21,88,80.6,18.4
Mayo,2019,Q2,30-34,633,566,40,101,89.4,17.8
Mayo,2019,Q3,15-19,523,193,16,38,36.9,19.7
Mayo,2019,Q3,20-24,634,445,23,53,70.2,11.9
Mayo,2019,Q3,25-29,555,467,37,96,84.1,20.6
Mayo,2019,Q3,30-34,627,557,44,123,88.8,22.1
Mayo,2019,Q4,15-19,460,159,13,34,34.6,21.4
Mayo,2019,Q4,20-24,419,286,25,61,68.3,21.3
Mayo,2019,Q4,25-29,663,575,24,56,86.7,9.7
Mayo,2019,Q4,30-34,443,396,26,63,89.4,15.9
Mayo,2020,Q1,15-19,457,148,13,33,32.4,22.3
Mayo,2020,Q1,20-24,593,374,23,77,63.1,20.6
Mayo,2020,Q1,25-29,410,297,17,46,72.4,15.5
Mayo,2020,Q1,30-34,607,486,20,54,80.1,11.1
Mayo,2020,Q2,15-19,435,137,9,15,31.5,10.9
Mayo,2020,Q2,20-24,528,334,24,64,63.3,19.2
Mayo,2020,Q2,25-29,562,418,24,92,74.4,22.0
Mayo,2020,Q2,30-34,441,359,41,51,81.4,14.2
Mayo,2020,Q3,15-19,531,169,10,30,31.8,17.8
Mayo,2020,Q3,20-24,605,375,30,76,62.0,20.3
Mayo,2020,Q3,25-29,635,456,41,61,71.8,13.4
Mayo,2020,Q3,30-34,415,332,37,72,80.0,21.7
Mayo,2020,Q4,15-19,671,210,20,20,31.3,9.5
Mayo,2020,Q4,20-24,491,295,29,25,60.1,8.5
Mayo,2020,Q4,25-29,689,518,50,113,75.2,21.8
Mayo,2020,Q4,30-34,617,504,35,95,81.7,18.8
Mayo,2021,Q1,15-19,404,135,11,25,33.4,18.5
Mayo,2021,Q1,20-24,403,265,28,47,65.8,17.7
Mayo,2021,Q1,25-29,501,396,42,77,79.0,19.4
Mayo,2021,Q1,30-34,569,508,35,61,89.3,12.0
Mayo,2021,Q2,15-19,652,222,20,24,34.0,10.8
Mayo,2021,Q2,20-24,447,310,20,57,69.4,18.4
Mayo,2021,Q2,25-29,647,518,29,68,80.1,13.1
Mayo,2021,Q2,30-34,583,524,37,64,89.9,12.2
Mayo,2021,Q3,15-19,670,228,22,52,34.0,22.8
Mayo,2021,Q3,20-24,572,375,35,37,65.6,9.9
Mayo,2021,Q3,25-29,416,338,31,74,81.2,21.9
Mayo,2021,Q3,30-34,644,557,27,96,86.5,17.2
Mayo,2021,Q4,15-19,486,169,11,39,34.8,23.1
Mayo,2021,Q4,20-24,411,286,13,30,69.6,10.5
Mayo,2021,Q4,25-29,682,571,67,53,83.7,9.3
Mayo,2021,Q4,30-34,514,436,41,71,84.8,16.3
Mayo,2022,Q1,15-19,680,251,21,24,36.9,9.6
Mayo,2022,Q1,20-24,461,324,34,66,70.3,20.4
Mayo,2022,Q1,25-29,632,541,26,107,85.6,19.8
Mayo,2022,Q1,30-34,420,400,17,73,95.2,18.2
Mayo,2022,Q2,15-19,690,254,16,48,36.8,18.9
Mayo,2022,Q2,20-24,503,373,39,56,74.2,15.0
Mayo,2022,Q2,25-29,566,508,43,113,89.8,22.2
Mayo,2022,Q2,30-34,613,600,48,139,97.9,23.2
Mayo,2022,Q3,15-19,576,224,10,21,38.9,9.4
Mayo,2022,Q3,20-24,465,330,28,57,71.0,17.3
Mayo,2022,Q3,25-29,497,422,42,85,84.9,20.1
Mayo,2022,Q3,30-34,648,617,60,108,95.2,17.5
Mayo,2022,Q4,15-19,473,182,15,19,38.5,10.4
Mayo,2022,Q4,20-24,582,430,29,56,73.9,13.0
Mayo,2022,Q4,25-29,658,590,54,84,89.7,14.2
Mayo,2022,Q4,30-34,625,603,40,53,96.5,8.8
Mayo,2023,Q1,15-19,638,244,26,23,38.2,9.4
Mayo,2023,Q1,20-24,651,472,35,47,72.5,10.0
Mayo,2023,Q1,25-29,482,418,39,46,86.7,11.0
Mayo,2023,Q1,30-34,552,525,28,56,95.1,10.7
Mayo,2023,Q2,15-19,624,231,11,36,37.0,15.6
Mayo,2023,Q2,20-24,491,362,37,42,73.7,11.6
Mayo,2023,Q2,25-29,627,555,37,126,88.5,22.7
Mayo,2023,Q2,30-34,634,608,59,110,95.9,18.1
Mayo,2023,Q3,15-19,411,158,8,32,38.4,20.3
Mayo,2023,Q3,20-24,489,361,31,42,73.8,11.6
Mayo,2023,Q3,25-29,645,554,62,61,85.9,11.0
Mayo,2023,Q3,30-34,693,674,33,105,97.3,15.6
Mayo,2023,Q4,15-19,608,233,21,56,38.3,24.0
Mayo,2023,Q4,20-24,408,311,17,58,76.2,18.6
Mayo,2023,Q4,25-29,627,563,64,127,89.8,22.6
Mayo,2023,Q4,30-34,664,638,65,141,96.1,22.1
Mayo,2024,Q1,15-19,551,210,16,48,38.1,22.9
Mayo,2024,Q1,20-24,679,528,30,112,77.8,21.2
Mayo,2024,Q1,25-29,450,418,46,73,92.9,17.5
Mayo,2024,Q1,30-34,688,677,42,131,98.4,19.4
Mayo,2024,Q2,15-19,615,246,19,36,40.0,14.6
Mayo,2024,Q2,20-24,442,333,31,51,75.3,15.3
Mayo,2024,Q2,25-29,590,524,38,103,88.8,19.7
Mayo,2024,Q2,30-34,553,526,27,120,95.1,22.8
Mayo,2024,Q3,15-19,581,219,13,48,37.7,21.9
Mayo,2024,Q3,20-24,612,467,30,71,76.3,15.2
Mayo,2024,Q3,25-29,573,535,32,51,93.4,9.5
Mayo,2024,Q3,30-34,588,569,50,96,96.8,16.9
Mayo,2024,Q4,15-19,508,192,15,25,37.8,13.0
Mayo,2024,Q4,20-24,576,439,20,84,76.2,19.1
Mayo,2024,Q4,25-29,664,597,43,124,89.9,20.8
Mayo,2024,Q4,30-34,522,523,59,63,100.2,12.0
Mayo,2025,Q1,15-19,460,179,12,20,38.9,11.2
Mayo,2025,Q1,20-24,650,512,26,86,78.8,16.8
Mayo,2025,Q1,25-29,442,414,29,98,93.7,23.7
Mayo,2025,Q1,30-34,558,541,53,62,97.0,11.5
Mayo,2025,Q2,15-19,527,213,16,24,40.4,11.3
Mayo,2025,Q2,20-24,484,364,34,81,75.2,22.3
Mayo,2025,Q2,25-29,547,505,25,94,92.3,18.6
Mayo,2025,Q2,30-34,515,495,27,51,96.1,10.3
Mayo,2025,Q3,15-19,695,263,22,42,37.8,16.0
Mayo,2025,Q3,20-24,581,433,29,66,74.5,15.2
Mayo,2025,Q3,25-29,467,434,44,94,92.9,21.7
Mayo,2025,Q3,30-34,547,559,46,102,102.2,18.2
Mayo,2025,Q4,15-19,584,228,13,36,39.0,15.8
Mayo,2025,Q4,20-24,482,376,17,67,78.0,17.8
Mayo,2025,Q4,25-29,641,573,60,73,89.4,12.7
Mayo,2025,Q4,30-34,472,460,33,54,97.5,11.7
Meath,2018,Q1,15-19,865,301,23,59,34.8,19.6
Meath,2018,Q1,20-24,1062,750,53,103,70.6,13.7
Meath,2018,Q1,25-29,865,713,41,83,82.4,11.6
Meath,2018,Q1,30-34,1018,894,38,110,87.8,12.3
Meath,2018,Q2,15-19,1087,389,18,74,35.8,19.0
Meath,2018,Q2,20-24,753,521,38,91,69.2,17.5
Meath,2018,Q2,25-29,1224,983,92,95,80.3,9.7
Meath,2018,Q2,30-34,930,827,40,116,88.9,14.0
Meath,2018,Q3,15-19,1035,352,16,74,34.0,21.0
Meath,2018,Q3,20-24,751,516,25,86,68.7,16.7
Meath,2018,Q3,25-29,1152,914,89,114,79.3,12.5
Meath,2018,Q3,30-34,1251,1079,53,163,86.3,15.1
Meath,2018,Q4,15-19,745,271,30,23,36.4,8.5
Meath,2018,Q4,20-24,935,642,71,66,68.7,10.3
Meath,2018,Q4,25-29,1166,987,115,216,84.6,21.9
Meath,2018,Q4,30-34,999,890,60,92,89.1,10.3
Meath,2019,Q1,15-19,1135,410,42,82,36.1,20.0
Meath,2019,Q1,20-24,906,635,67,65,70.1,10.2
Meath,2019,Q1,25-29,890,765,49,76,86.0,9.9
Meath,2019,Q1,30-34,838,722,68,121,86.2,16.8
Meath,2019,Q2,15-19,909,334,39,57,36.7,17.1
Meath,2019,Q2,20-24,952,680,55,70,71.4,10.3
Meath,2019,Q2,25-29,1170,939,57,185,80.3,19.7
Meath,2019,Q2,30-34,896,784,74,89,87.5,11.4
Meath,2019,Q3,15-19,1140,405,26,81,35.5,20.0
Meath,2019,Q3,20-24,774,548,58,96,70.8,17.5
Meath,2019,Q3,25-29,1142,984,87,159,86.2,16.2
Meath,2019,Q3,30-34,893,785,44,115,87.9,14.6
Meath,2019,Q4,15-19,943,341,33,42,36.2,12.3
Meath,2019,Q4,20-24,918,660,31,92,71.9,13.9
Meath,2019,Q4,25-29,967,791,75,69,81.8,8.7
Meath,2019,Q4,30-34,1173,1065,114,148,90.8,13.9
Meath,2020,Q1,15-19,931,301,30,46,32.3,15.3
Meath,2020,Q1,20-24,1207,734,71,83,60.8,11.3
Meath,2020,Q1,25-29,1093,836,60,98,76.5,11.7
Meath,2020,Q1,30-34,864,711,41,114,82.3,16.0
Meath,2020,Q2,15-19,1138,359,37,76,31.5,21.2
Meath,2020,Q2,20-24,1198,718,44,150,59.9,20.9
Meath,2020,Q2,25-29,1188,890,39,134,74.9,15.1
Meath,2020,Q2,30-34,821,679,32,131,82.7,19.3
Meath,2020,Q3,15-19,925,300,12,63,32.4,21.0
Meath,2020,Q3,20-24,1170,703,37,158,60.1,22.5
Meath,2020,Q3,25-29,729,551,56,75,75.6,13.6
Meath,2020,Q3,30-34,841,660,51,108,78.5,16.4
Meath,2020,Q4,15-19,1010,316,36,34,31.3,10.8
Meath,2020,Q4,20-24,813,484,28,99,59.5,20.5
Meath,2020,Q4,25-29,1025,770,57,111,75.1,14.4
Meath,2020,Q4,30-34,1239,1008,107,121,81.4,12.0
Meath,2021,Q1,15-19,756,261,16,28,34.5,10.7
Meath,2021,Q1,20-24,957,657,73,100,68.7,15.2
Meath,2021,Q1,25-29,806,650,70,78,80.6,12.0
Meath,2021,Q1,30-34,788,683,59,159,86.7,23.3
Meath,2021,Q2,15-19,1017,347,39,51,34.1,14.7
Meath,2021,Q2,20-24,947,618,36,128,65.3,20.7
Meath,2021,Q2,25-29,1017,818,35,168,80.4,20.5
Meath,2021,Q2,30-34,1128,1019,75,117,90.3,11.5
Meath,2021,Q3,15-19,939,330,16,67,35.1,20.3
Meath,2021,Q3,20-24,756,515,37,66,68.1,12.8
Meath,2021,Q3,25-29,869,695,73,122,80.0,17.6
Meath,2021,Q3,30-34,819,702,63,72,85.7,10.3
Meath,2021,Q4,15-19,813,271,18,27,33.3,10.0
Meath,2021,Q4,20-24,774,501,40,85,64.7,17.0
Meath,2021,Q4,25-29,1156,974,68,183,84.3,18.8
Meath,2021,Q4,30-34,838,719,64,136,85.8,18.9
Meath,2022,Q1,15-19,1089,401,19,78,36.8,19.5
Meath,2022,Q1,20-24,995,698,58,137,70.2,19.6
Meath,2022,Q1,25-29,1127,975,110,133,86.5,13.6
Meath,2022,Q1,30-34,799,738,69,87,92.4,11.8
Meath,2022,Q2,15-19,1223,444,42,73,36.3,16.4
Meath,2022,Q2,20-24,749,540,38,112,72.1,20.7
Meath,2022,Q2,25-29,882,774,61,154,87.8,19.9
Meath,2022,Q2,30-34,1252,1169,80,112,93.4,9.6
Meath,2022,Q3,15-19,1081,392,46,71,36.3,18.1
Meath,2022,Q3,20-24,1205,899,70,120,74.6,13.3
Meath,2022,Q3,25-29,726,622,31,60,85.7,9.6
Meath,2022,Q3,30-34,943,854,49,119,90.6,13.9
Meath,2022,Q4,15-19,960,350,20,81,36.5,23.1
Meath,2022,Q4,20-24,828,595,24,64,71.9,10.8
Meath,2022,Q4,25-29,994,862,48,126,86.7,14.6
Meath,2022,Q4,30-34,1136,1093,94,212,96.2,19.4
Meath,2023,Q1,15-19,791,291,16,44,36.8,15.1
Meath,2023,Q1,20-24,735,527,38,111,71.7,21.1
Meath,2023,Q1,25-29,1122,1038,80,236,92.5,22.7
Meath,2023,Q1,30-34,791,729,61,109,92.2,15.0
Meath,2023,Q2,15-19,972,372,24,50,38.3,13.4
Meath,2023,Q2,20-24,987,756,78,87,76.6,11.5
Meath,2023,Q2,25-29,1047,965,65,170,92.2,17.6
Meath,2023,Q2,30-34,929,924,93,144,99.5,15.6
Meath,2023,Q3,15-19,881,328,24,70,37.2,21.3
Meath,2023,Q3,20-24,949,680,57,136,71.7,20.0
Meath,2023,Q3,25-29,781,675,29,61,86.4,9.0
Meath,2023,Q3,30-34,884,815,59,116,92.2,14.2
Meath,2023,Q4,15-19,982,379,16,57,38.6,15.0
Meath,2023,Q4,20-24,1089,838,34,157,77.0,18.7
Meath,2023,Q4,25-29,857,741,40,81,86.5,10.9
Meath,2023,Q4,30-34,1187,1165,54,138,98.1,11.8
Meath,2024,Q1,15-19,1232,493,21,70,40.0,14.2
Meath,2024,Q1,20-24,1246,950,65,180,76.2,18.9
Meath,2024,Q1,25-29,1013,888,93,152,87.7,17.1
Meath,2024,Q1,30-34,745,731,59,154,98.1,21.1
Meath,2024,Q2,15-19,884,340,24,32,38.5,9.4
Meath,2024,Q2,20-24,957,693,67,154,72.4,22.2
Meath,2024,Q2,25-29,1168,1090,82,103,93.3,9.4
Meath,2024,Q2,30-34,1191,1198,90,194,100.6,16.2
Meath,2024,Q3,15-19,801,300,24,67,37.5,22.3
Meath,2024,Q3,20-24,1228,890,94,194,72.5,21.8
Meath,2024,Q3,25-29,842,765,45,85,90.9,11.1
Meath,2024,Q3,30-34,950,904,49,132,95.2,14.6
Meath,2024,Q4,15-19,1092,433,38,108,39.7,24.9
Meath,2024,Q4,20-24,850,663,75,101,78.0,15.2
Meath,2024,Q4,25-29,1146,1013,45,110,88.4,10.9
Meath,2024,Q4,30-34,1144,1132,63,184,99.0,16.3
Meath,2025,Q1,15-19,803,309,28,64,38.5,20.7
Meath,2025,Q1,20-24,755,576,57,112,76.3,19.4
Meath,2025,Q1,25-29,1077,964,82,153,89.5,15.9
Meath,2025,Q1,30-34,953,977,77,166,102.5,17.0
Meath,2025,Q2,15-19,770,305,16,34,39.6,11.1
Meath,2025,Q2,20-24,1136,867,101,188,76.3,21.7
Meath,2025,Q2,25-29,1222,1149,126,126,94.0,11.0
Meath,2025,Q2,30-34,1077,1106,118,193,102.7,17.5
Meath,2025,Q3,15-19,792,304,19,42,38.4,13.8
Meath,2025,Q3,20-24,882,673,55,173,76.3,25.7
Meath,2025,Q3,25-29,740,663,38,111,89.6,16.7
Meath,2025,Q3,30-34,910,916,84,231,100.7,25.2
Meath,2025,Q4,15-19,1077,422,19,72,39.2,17.1
Meath,2025,Q4,20-24,1138,876,62,106,77.0,12.1
Meath,2025,Q4,25-29,923,829,55,122,89.8,14.7
Meath,2025,Q4,30-34,1143,1147,124,156,100.3,13.6
Monaghan,2018,Q1,15-19,267,94,9,11,35.2,11.7
Monaghan,2018,Q1,20-24,348,228,20,21,65.5,9.2
Monaghan,2018,Q1,25-29,245,204,11,18,83.3,8.8
Monaghan,2018,Q1,30-34,306,277,32,41,90.5,14.8
Monaghan,2018,Q2,15-19,290,104,11,13,35.9,12.5
Monaghan,2018,Q2,20-24,389,271,20,24,69.7,8.9
Monaghan,2018,Q2,25-29,387,314,23,68,81.1,21.7
Monaghan,2018,Q2,30-34,403,353,17,30,87.6,8.5
Monaghan,2018,Q3,15-19,315,108,5,19,34.3,17.6
Monaghan,2018,Q3,20-24,247,161,8,19,65.2,11.8
Monaghan,2018,Q3,25-29,255,212,8,42,83.1,19.8
Monaghan,2018,Q3,30-34,301,258,22,22,85.7,8.5
Monaghan,2018,Q4,15-19,249,90,5,12,36.1,13.3
Monaghan,2018,Q4,20-24,382,263,12,48,68.8,18.3
Monaghan,2018,Q4,25-29,406,337,24,35,83.0,10.4
Monaghan,2018,Q4,30-34,282,255,12,48,90.4,18.8
Monaghan,2019,Q1,15-19,280,102,9,19,36.4,18.6
Monaghan,2019,Q1,20-24,282,202,10,35,71.6,17.3
Monaghan,2019,Q1,25-29,365,313,17,59,85.8,18.8
Monaghan,2019,Q1,30-34,405,356,37,80,87.9,22.5
Monaghan,2019,Q2,15-19,383,132,8,22,34.5,16.7
Monaghan,2019,Q2,20-24,274,182,10,22,66.4,12.1
Monaghan,2019,Q2,25-29,243,195,21,36,80.2,18.5
Monaghan,2019,Q2,30-34,323,292,26,64,90.4,21.9
Monaghan,2019,Q3,15-19,380,135,6,19,35.5,14.1
Monaghan,2019,Q3,20-24,397,264,13,50,66.5,18.9
Monaghan,2019,Q3,25-29,386,315,17,62,81.6,19.7
Monaghan,2019,Q3,30-34,366,339,37,41,92.6,12.1
Monaghan,2019,Q4,15-19,260,92,4,7,35.4,7.6
Monaghan,2019,Q4,20-24,317,218,14,26,68.8,11.9
Monaghan,2019,Q4,25-29,313,254,25,20,81.2,7.9
Monaghan,2019,Q4,30-34,351,310,36,66,88.3,21.3
Monaghan,2020,Q1,15-19,408,131,12,24,32.1,18.3
Monaghan,2020,Q1,20-24,260,156,11,24,60.0,15.4
Monaghan,2020,Q1,25-29,269,200,21,30,74.3,15.0
Monaghan,2020,Q1,30-34,411,337,31,33,82.0,9.8
Monaghan,2020,Q2,15-19,386,118,8,23,30.6,19.5
Monaghan,2020,Q2,20-24,284,177,19,15,62.3,8.5
Monaghan,2020,Q2,25-29,406,310,25,40,76.4,12.9
Monaghan,2020,Q2,30-34,334,263,30,50,78.7,19.0
Monaghan,2020,Q3,15-19,385,125,11,17,32.5,13.6
Monaghan,2020,Q3,20-24,404,256,26,53,63.4,20.7
Monaghan,2020,Q3,25-29,306,221,25,21,72.2,9.5
Monaghan,2020,Q3,30-34,354,274,14,63,77.4,23.0
Monaghan,2020,Q4,15-19,378,116,10,22,30.7,19.0
Monaghan,2020,Q4,20-24,267,167,12,37,62.5,22.2
Monaghan,2020,Q4,25-29,410,315,24,51,76.8,16.2
Monaghan,2020,Q4,30-34,317,262,19,32,82.6,12.2
Monaghan,2021,Q1,15-19,340,117,6,13,34.4,11.1
Monaghan,2021,Q1,20-24,312,202,19,22,64.7,10.9
Monaghan,2021,Q1,25-29,375,299,17,32,79.7,10.7
Monaghan,2021,Q1,30-34,279,250,14,38,89.6,15.2
Monaghan,2021,Q2,15-19,258,86,8,17,33.3,19.8
Monaghan,2021,Q2,20-24,244,166,17,14,68.0,8.4
Monaghan,2021,Q2,25-29,317,259,23,22,81.7,8.5
Monaghan,2021,Q2,30-34,339,296,20,48,87.3,16.2
Monaghan,2021,Q3,15-19,355,118,9,23,33.2,19.5
Monaghan,2021,Q3,20-24,248,162,12,23,65.3,14.2
Monaghan,2021,Q3,25-29,359,281,22,30,78.3,10.7
Monaghan,2021,Q3,30-34,253,217,16,37,85.8,17.1
Monaghan,2021,Q4,15-19,283,96,11,22,33.9,22.9
Monaghan,2021,Q4,20-24,247,166,15,16,67.2,9.6
Monaghan,2021,Q4,25-29,257,203,16,43,79.0,21.2
Monaghan,2021,Q4,30-34,408,365,37,50,89.5,13.7
Monaghan,2022,Q1,15-19,309,115,8,14,37.2,12.2
Monaghan,2022,Q1,20-24,382,268,19,35,70.2,13.1
Monaghan,2022,Q1,25-29,278,250,19,45,89.9,18.0
Monaghan,2022,Q1,30-34,273,254,17,38,93.0,15.0
Monaghan,2022,Q2,15-19,279,102,8,16,36.6,15.7
Monaghan,2022,Q2,20-24,327,246,21,37,75.2,15.0
Monaghan,2022,Q2,25-29,284,243,17,29,85.6,11.9
Monaghan,2022,Q2,30-34,263,240,18,38,91.3,15.8
Monaghan,2022,Q3,15-19,381,139,15,21,36.5,15.1
Monaghan,2022,Q3,20-24,322,226,18,39,70.2,17.3
Monaghan,2022,Q3,25-29,396,334,17,63,84.3,18.9
Monaghan,2022,Q3,30-34,302,291,33,31,96.4,10.7
Monaghan,2022,Q4,15-19,394,148,6,16,37.6,10.8
Monaghan,2022,Q4,20-24,402,284,27,48,70.6,16.9
Monaghan,2022,Q4,25-29,385,349,41,83,90.6,23.8
Monaghan,2022,Q4,30-34,360,335,29,45,93.1,13.4
Monaghan,2023,Q1,15-19,270,103,8,9,38.1,8.7
Monaghan,2023,Q1,20-24,345,250,10,42,72.5,16.8
Monaghan,2023,Q1,25-29,379,335,15,78,88.4,23.3
Monaghan,2023,Q1,30-34,339,327,37,72,96.5,22.0
Monaghan,2023,Q2,15-19,270,100,6,16,37.0,16.0
Monaghan,2023,Q2,20-24,340,255,14,48,75.0,18.8
Monaghan,2023,Q2,25-29,348,305,28,47,87.6,15.4
Monaghan,2023,Q2,30-34,403,372,22,86,92.3,23.1
Monaghan,2023,Q3,15-19,327,122,12,15,37.3,12.3
Monaghan,2023,Q3,20-24,325,247,24,37,76.0,15.0
Monaghan,2023,Q3,25-29,296,262,13,56,88.5,21.4
Monaghan,2023,Q3,30-34,376,359,25,87,95.5,24.2
Monaghan,2023,Q4,15-19,278,102,4,18,36.7,17.6
Monaghan,2023,Q4,20-24,400,291,17,59,72.8,20.3
Monaghan,2023,Q4,25-29,377,337,17,35,89.4,10.4
Monaghan,2023,Q4,30-34,413,409,39,84,99.0,20.5
Monaghan,2024,Q1,15-19,390,154,16,23,39.5,14.9
Monaghan,2024,Q1,20-24,413,304,20,38,73.6,12.5
Monaghan,2024,Q1,25-29,330,305,14,67,92.4,22.0
Monaghan,2024,Q1,30-34,287,288,15,63,100.3,21.9
Monaghan,2024,Q2,15-19,316,117,7,20,37.0,17.1
Monaghan,2024,Q2,20-24,253,186,11,33,73.5,17.7
Monaghan,2024,Q2,25-29,396,360,34,52,90.9,14.4
Monaghan,2024,Q2,30-34,318,303,30,44,95.3,14.5
Monaghan,2024,Q3,15-19,306,122,7,24,39.9,19.7
Monaghan,2024,Q3,20-24,245,183,7,20,74.7,10.9
Monaghan,2024,Q3,25-29,332,292,19,72,88.0,24.7
Monaghan,2024,Q3,30-34,287,271,26,44,94.4,16.2
Monaghan,2024,Q4,15-19,380,147,7,24,38.7,16.3
Monaghan,2024,Q4,20-24,309,229,11,41,74.1,17.9
Monaghan,2024,Q4,25-29,376,350,25,75,93.1,21.4
Monaghan,2024,Q4,30-34,249,235,13,36,94.4,15.3
Monaghan,2025,Q1,15-19,286,108,9,15,37.8,13.9
Monaghan,2025,Q1,20-24,365,275,21,36,75.3,13.1
Monaghan,2025,Q1,25-29,400,383,19,40,95.8,10.4
Monaghan,2025,Q1,30-34,255,245,17,38,96.1,15.5
Monaghan,2025,Q2,15-19,299,121,10,12,40.5,9.9
Monaghan,2025,Q2,20-24,247,181,18,36,73.3,19.9
Monaghan,2025,Q2,25-29,390,354,36,78,90.8,22.0
Monaghan,2025,Q2,30-34,290,289,31,38,99.7,13.1
Monaghan,2025,Q3,15-19,400,152,7,18,38.0,11.8
Monaghan,2025,Q3,20-24,315,240,10,58,76.2,24.2
Monaghan,2025,Q3,25-29,342,315,16,77,92.1,24.4
Monaghan,2025,Q3,30-34,378,363,20,37,96.0,10.2
Monaghan,2025,Q4,15-19,253,100,4,20,39.5,20.0
Monaghan,2025,Q4,20-24,240,183,17,36,76.2,19.7
Monaghan,2025,Q4,25-29,393,352,32,33,89.6,9.4
Monaghan,2025,Q4,30-34,314,301,14,44,95.9,14.6
Offaly,2018,Q1,15-19,453,159,11,13,35.1,8.2
Offaly,2018,Q1,20-24,326,219,8,19,67.2,8.7
Offaly,2018,Q1,25-29,406,327,15,38,80.5,11.6
Offaly,2018,Q1,30-34,486,416,44,50,85.6,12.0
Offaly,2018,Q2,15-19,528,184,8,38,34.8,20.7
Offaly,2018,Q2,20-24,328,230,15,47,70.1,20.4
Offaly,2018,Q2,25-29,558,452,37,91,81.0,20.1
Offaly,2018,Q2,30-34,433,384,32,83,88.7,21.6
Offaly,2018,Q3,15-19,422,144,6,27,34.1,18.8
Offaly,2018,Q3,20-24,361,251,12,54,69.5,21.5
Offaly,2018,Q3,25-29,416,347,16,69,83.4,19.9
Offaly,2018,Q3,30-34,436,388,31,70,89.0,18.0
Offaly,2018,Q4,15-19,354,124,13,16,35.0,12.9
Offaly,2018,Q4,20-24,516,347,20,36,67.2,10.4
Offaly,2018,Q4,25-29,549,439,22,84,80.0,19.1
Offaly,2018,Q4,30-34,527,459,29,66,87.1,14.4
Offaly,2019,Q1,15-19,512,179,18,21,35.0,11.7
Offaly,2019,Q1,20-24,391,276,31,32,70.6,11.6
Offaly,2019,Q1,25-29,353,289,20,30,81.9,10.4
Offaly,2019,Q1,30-34,424,388,42,33,91.5,8.5
Offaly,2019,Q2,15-19,558,204,18,41,36.6,20.1
Offaly,2019,Q2,20-24,530,367,27,30,69.2,8.2
Offaly,2019,Q2,25-29,483,412,42,65,85.3,15.8
Offaly,2019,Q2,30-34,518,466,21,45,90.0,9.7
Offaly,2019,Q3,15-19,448,158,9,16,35.3,10.1
Offaly,2019,Q3,20-24,516,352,34,61,68.2,17.3
Offaly,2019,Q3,25-29,484,396,39,76,81.8,19.2
Offaly,2019,Q3,30-34,554,498,20,90,89.9,18.1
Offaly,2019,Q4,15-19,555,203,19,31,36.6,15.3
Offaly,2019,Q4,20-24,550,375,29,46,68.2,12.3
Offaly,2019,Q4,25-29,386,312,35,66,80.8,21.2
Offaly,2019,Q4,30-34,556,488,46,99,87.8,20.3
Offaly,2020,Q1,15-19,552,173,11,29,31.3,16.8
Offaly,2020,Q1,20-24,445,267,26,58,60.0,21.7
Offaly,2020,Q1,25-29,377,272,12,32,72.1,11.8
Offaly,2020,Q1,30-34,501,389,40,34,77.6,8.7
Offaly,2020,Q2,15-19,482,156,16,15,32.4,9.6
Offaly,2020,Q2,20-24,346,211,17,29,61.0,13.7
Offaly,2020,Q2,25-29,398,304,21,31,76.4,10.2
Offaly,2020,Q2,30-34,390,307,18,51,78.7,16.6
Offaly,2020,Q3,15-19,446,141,13,14,31.6,9.9
Offaly,2020,Q3,20-24,352,221,20,50,62.8,22.6
Offaly,2020,Q3,25-29,425,315,23,45,74.1,14.3
Offaly,2020,Q3,30-34,425,328,23,55,77.2,16.8
Offaly,2020,Q4,15-19,462,153,17,19,33.1,12.4
Offaly,2020,Q4,20-24,546,333,28,74,61.0,22.2
Offaly,2020,Q4,25-29,482,352,19,77,73.0,21.9
Offaly,2020,Q4,30-34,340,279,27,53,82.1,19.0
Offaly,2021,Q1,15-19,463,160,9,25,34.6,15.6
Offaly,2021,Q1,20-24,498,345,34,51,69.3,14.8
Offaly,2021,Q1,25-29,468,376,37,76,80.3,20.2
Offaly,2021,Q1,30-34,380,319,36,61,83.9,19.1
Offaly,2021,Q2,15-19,462,159,10,31,34.4,19.5
Offaly,2021,Q2,20-24,475,323,34,66,68.0,20.4
Offaly,2021,Q2,25-29,532,428,18,43,80.5,10.0
Offaly,2021,Q2,30-34,477,422,34,91,88.5,21.6
Offaly,2021,Q3,15-19,342,114,13,16,33.3,14.0
Offaly,2021,Q3,20-24,367,247,13,25,67.3,10.1
Offaly,2021,Q3,25-29,525,441,45,66,84.0,15.0
Offaly,2021,Q3,30-34,418,370,38,45,88.5,12.2
Offaly,2021,Q4,15-19,448,156,13,22,34.8,14.1
Offaly,2021,Q4,20-24,546,378,42,59,69.2,15.6
Offaly,2021,Q4,25-29,467,390,45,85,83.5,21.8
Offaly,2021,Q4,30-34,426,368,32,70,86.4,19.0
Offaly,2022,Q1,15-19,326,122,11,23,37.4,18.9
Offaly,2022,Q1,20-24,389,285,29,45,73.3,15.8
Offaly,2022,Q1,25-29,441,387,34,58,87.8,15.0
Offaly,2022,Q1,30-34,552,501,26,92,90.8,18.4
Offaly,2022,Q2,15-19,498,185,13,31,37.1,16.8
Offaly,2022,Q2,20-24,414,305,32,56,73.7,18.4
Offaly,2022,Q2,25-29,543,481,44,72,88.6,15.0
Offaly,2022,Q2,30-34,400,365,41,50,91.2,13.7
Offaly,2022,Q3,15-19,428,166,17,36,38.8,21.7
Offaly,2022,Q3,20-24,362,260,13,33,71.8,12.7
Offaly,2022,Q3,25-29,329,278,12,36,84.5,12.9
Offaly,2022,Q3,30-34,320,302,26,70,94.4,23.2
Offaly,2022,Q4,15-19,525,195,14,20,37.1,10.3
Offaly,2022,Q4,20-24,403,297,22,71,73.7,23.9
Offaly,2022,Q4,25-29,529,446,51,95,84.3,21.3
Offaly,2022,Q4,30-34,338,318,26,69,94.1,21.7
Offaly,2023,Q1,15-19,470,184,8,37,39.1,20.1
Offaly,2023,Q1,20-24,494,355,28,55,71.9,15.5
Offaly,2023,Q1,25-29,376,334,29,55,88.8,16.5
Offaly,2023,Q1,30-34,467,432,34,85,92.5,19.7
Offaly,2023,Q2,15-19,503,187,15,40,37.2,21.4
Offaly,2023,Q2,20-24,461,345,30,48,74.8,13.9
Offaly,2023,Q2,25-29,436,402,43,44,92.2,10.9
Offaly,2023,Q2,30-34,515,497,41,65,96.5,13.1
Offaly,2023,Q3,15-19,324,127,8,26,39.2,20.5
Offaly,2023,Q3,20-24,464,332,33,41,71.6,12.3
Offaly,2023,Q3,25-29,508,449,18,47,88.4,10.5
Offaly,2023,Q3,30-34,471,438,32,40,93.0,9.1
Offaly,2023,Q4,15-19,456,176,16,29,38.6,16.5
Offaly,2023,Q4,20-24,383,283,21,34,73.9,12.0
Offaly,2023,Q4,25-29,458,394,35,50,86.0,12.7
Offaly,2023,Q4,30-34,492,483,48,70,98.2,14.5
Offaly,2024,Q1,15-19,535,212,10,34,39.6,16.0
Offaly,2024,Q1,20-24,325,243,16,29,74.8,11.9
Offaly,2024,Q1,25-29,370,343,29,84,92.7,24.5
Offaly,2024,Q1,30-34,522,500,32,88,95.8,17.6
Offaly,2024,Q2,15-19,472,179,8,39,37.9,21.8
Offaly,2024,Q2,20-24,372,275,22,26,73.9,9.5
Offaly,2024,Q2,25-29,459,417,44,93,90.8,22.3
Offaly,2024,Q2,30-34,338,338,33,64,100.0,18.9
Offaly,2024,Q3,15-19,337,130,11,28,38.6,21.5
Offaly,2024,Q3,20-24,478,361,29,66,75.5,18.3
Offaly,2024,Q3,25-29,520,487,53,107,93.7,22.0
Offaly,2024,Q3,30-34,441,415,17,91,94.1,21.9
Offaly,2024,Q4,15-19,379,151,12,32,39.8,21.2
Offaly,2024,Q4,20-24,358,275,21,64,76.8,23.3
Offaly,2024,Q4,25-29,424,380,23,56,89.6,14.7
Offaly,2024,Q4,30-34,477,467,52,88,97.9,18.8
Offaly,2025,Q1,15-19,413,166,11,33,40.2,19.9
Offaly,2025,Q1,20-24,535,401,35,70,75.0,17.5
Offaly,2025,Q1,25-29,321,294,16,73,91.6,24.8
Offaly,2025,Q1,30-34,552,562,30,136,101.8,24.2
Offaly,2025,Q2,15-19,402,160,16,26,39.8,16.2
Offaly,2025,Q2,20-24,433,321,22,68,74.1,21.2
Offaly,2025,Q2,25-29,497,476,30,80,95.8,16.8
Offaly,2025,Q2,30-34,546,542,58,118,99.3,21.8
Offaly,2025,Q3,15-19,406,156,13,37,38.4,23.7
Offaly,2025,Q3,20-24,342,265,28,29,77.5,10.9
Offaly,2025,Q3,25-29,406,366,38,52,90.1,14.2
Offaly,2025,Q3,30-34,545,552,58,66,101.3,12.0
Offaly,2025,Q4,15-19,329,128,7,18,38.9,14.1
Offaly,2025,Q4,20-24,506,396,41,53,78.3,13.4
Offaly,2025,Q4,25-29,362,336,34,42,92.8,12.5
Offaly,2025,Q4,30-34,361,368,16,49,101.9,13.3
Roscommon,2018,Q1,15-19,252,89,10,7,35.3,7.9
Roscommon,2018,Q1,20-24,254,168,19,30,66.1,17.9
Roscommon,2018,Q1,25-29,261,220,24,25,84.3,11.4
Roscommon,2018,Q1,30-34,303,276,33,31,91.1,11.2
Roscommon,2018,Q2,15-19,314,108,4,8,34.4,7.4
Roscommon,2018,Q2,20-24,394,267,11,47,67.8,17.6
Roscommon,2018,Q2,25-29,264,213,8,19,80.7,8.9
Roscommon,2018,Q2,30-34,332,294,13,52,88.6,17.7
Roscommon,2018,Q3,15-19,245,87,4,12,35.5,13.8
Roscommon,2018,Q3,20-24,382,262,26,26,68.6,9.9
Roscommon,2018,Q3,25-29,279,223,19,29,79.9,13.0
Roscommon,2018,Q3,30-34,320,291,29,34,90.9,11.7
Roscommon,2018,Q4,15-19,322,115,12,12,35.7,10.4
Roscommon,2018,Q4,20-24,256,176,21,20,68.8,11.4
Roscommon,2018,Q4,25-29,342,285,16,22,83.3,7.7
Roscommon,2018,Q4,30-34,273,233,11,26,85.3,11.2
Roscommon,2019,Q1,15-19,323,119,4,20,36.8,16.8
Roscommon,2019,Q1,20-24,287,202,13,25,70.4,12.4
Roscommon,2019,Q1,25-29,290,237,17,31,81.7,13.1
Roscommon,2019,Q1,30-34,315,276,19,57,87.6,20.7
Roscommon,2019,Q2,15-19,417,154,7,27,36.9,17.5
Roscommon,2019,Q2,20-24,404,284,22,56,70.3,19.7
Roscommon,2019,Q2,25-29,396,336,32,41,84.8,12.2
Roscommon,2019,Q2,30-34,310,274,21,49,88.4,17.9
Roscommon,2019,Q3,15-19,373,129,8,21,34.6,16.3
Roscommon,2019,Q3,20-24,356,255,28,31,71.6,12.2
Roscommon,2019,Q3,25-29,330,279,26,29,84.5,10.4
Roscommon,2019,Q3,30-34,338,310,34,53,91.7,17.1
Roscommon,2019,Q4,15-19,379,129,9,19,34.0,14.7
Roscommon,2019,Q4,20-24,393,267,25,28,67.9,10.5
Roscommon,2019,Q4,25-29,305,257,19,39,84.3,15.2
Roscommon,2019,Q4,30-34,355,307,23,52,86.5,16.9
Roscommon,2020,Q1,15-19,417,137,16,22,32.9,16.1
Roscommon,2020,Q1,20-24,327,197,8,17,60.2,8.6
Roscommon,2020,Q1,25-29,262,190,12,38,72.5,20.0
Roscommon,2020,Q1,30-34,373,291,22,55,78.0,18.9
Roscommon,2020,Q2,15-19,379,118,7,18,31.1,15.3
Roscommon,2020,Q2,20-24,407,261,24,24,64.1,9.2
Roscommon,2020,Q2,25-29,416,320,15,73,76.9,22.8
Roscommon,2020,Q2,30-34,410,334,39,35,81.5,10.5
Roscommon,2020,Q3,15-19,250,78,3,13,31.2,16.7
Roscommon,2020,Q3,20-24,416,263,11,45,63.2,17.1
Roscommon,2020,Q3,25-29,288,212,14,32,73.6,15.1
Roscommon,2020,Q3,30-34,296,230,11,20,77.7,8.7
Roscommon,2020,Q4,15-19,399,123,14,23,30.8,18.7
Roscommon,2020,Q4,20-24,354,222,23,22,62.7,9.9
Roscommon,2020,Q4,25-29,267,199,20,42,74.5,21.1
Roscommon,2020,Q4,30-34,303,234,22,38,77.2,16.2
Roscommon,2021,Q1,15-19,381,133,14,21,34.9,15.8
Roscommon,2021,Q1,20-24,321,214,10,20,66.7,9.3
Roscommon,2021,Q1,25-29,321,257,24,28,80.1,10.9
Roscommon,2021,Q1,30-34,325,273,15,34,84.0,12.5
Roscommon,2021,Q2,15-19,279,95,3,10,34.1,10.5
Roscommon,2021,Q2,20-24,390,253,20,39,64.9,15.4
Roscommon,2021,Q2,25-29,362,300,24,31,82.9,10.3
Roscommon,2021,Q2,30-34,350,310,29,33,88.6,10.6
Roscommon,2021,Q3,15-19,325,112,7,13,34.5,11.6
Roscommon,2021,Q3,20-24,262,169,17,18,64.5,10.7
Roscommon,2021,Q3,25-29,326,264,18,55,81.0,20.8
Roscommon,2021,Q3,30-34,408,348,18,74,85.3,21.3
Roscommon,2021,Q4,15-19,253,85,9,8,33.6,9.4
Roscommon,2021,Q4,20-24,297,205,19,26,69.0,12.7
Roscommon,2021,Q4,25-29,405,327,20,51,80.7,15.6
Roscommon,2021,Q4,30-34,276,245,17,33,88.8,13.5
Roscommon,2022,Q1,15-19,340,122,8,13,35.9,10.7
Roscommon,2022,Q1,20-24,270,199,12,45,73.7,22.6
Roscommon,2022,Q1,25-29,377,323,37,29,85.7,9.0
Roscommon,2022,Q1,30-34,293,282,15,53,96.2,18.8
Roscommon,2022,Q2,15-19,297,112,11,19,37.7,17.0
Roscommon,2022,Q2,20-24,306,217,13,24,70.9,11.1
Roscommon,2022,Q2,25-29,387,339,32,77,87.6,22.7
Roscommon,2022,Q2,30-34,292,285,15,53,97.6,18.6
Roscommon,2022,Q3,15-19,395,148,8,19,37.5,12.8
Roscommon,2022,Q3,20-24,309,227,11,21,73.5,9.3
Roscommon,2022,Q3,25-29,252,216,20,45,85.7,20.8
Roscommon,2022,Q3,30-34,375,359,25,40,95.7,11.1
Roscommon,2022,Q4,15-19,246,91,4,15,37.0,16.5
Roscommon,2022,Q4,20-24,261,189,12,37,72.4,19.6
Roscommon,2022,Q4,25-29,391,355,14,83,90.8,23.4
Roscommon,2022,Q4,30-34,306,284,20,61,92.8,21.5
Roscommon,2023,Q1,15-19,312,115,10,16,36.9,13.9
Roscommon,2023,Q1,20-24,339,249,20,31,73.5,12.4
Roscommon,2023,Q1,25-29,388,354,20,71,91.2,20.1
Roscommon,2023,Q1,30-34,358,354,28,85,98.9,24.0
Roscommon,2023,Q2,15-19,311,117,9,13,37.6,11.1
Roscommon,2023,Q2,20-24,293,217,12,28,74.1,12.9
Roscommon,2023,Q2,25-29,346,312,32,34,90.2,10.9
Roscommon,2023,Q2,30-34,338,329,32,36,97.3,10.9
Roscommon,2023,Q3,15-19,353,132,11,23,37.4,17.4
Roscommon,2023,Q3,20-24,282,202,10,41,71.6,20.3
Roscommon,2023,Q3,25-29,374,341,33,63,91.2,18.5
Roscommon,2023,Q3,30-34,304,291,26,44,95.7,15.1
Roscommon,2023,Q4,15-19,414,156,11,26,37.7,16.7
Roscommon,2023,Q4,20-24,313,227,21,48,72.5,21.1
Roscommon,2023,Q4,25-29,393,355,40,78,90.3,22.0
Roscommon,2023,Q4,30-34,312,289,22,60,92.6,20.8
Roscommon,2024,Q1,15-19,298,120,7,12,40.3,10.0
Roscommon,2024,Q1,20-24,398,292,25,70,73.4,24.0
Roscommon,2024,Q1,25-29,357,336,38,78,94.1,23.2
Roscommon,2024,Q1,30-34,319,319,13,68,100.0,21.3
Roscommon,2024,Q2,15-19,346,133,14,18,38.4,13.5
Roscommon,2024,Q2,20-24,283,213,17,28,75.3,13.1
Roscommon,2024,Q2,25-29,392,359,24,55,91.6,15.3
Roscommon,2024,Q2,30-34,272,255,12,50,93.8,19.6
Roscommon,2024,Q3,15-19,351,132,10,12,37.6,9.1
Roscommon,2024,Q3,20-24,341,257,10,34,75.4,13.2
Roscommon,2024,Q3,25-29,402,371,40,89,92.3,24.0
Roscommon,2024,Q3,30-34,318,307,35,67,96.5,21.8
Roscommon,2024,Q4,15-19,306,123,9,17,40.2,13.8
Roscommon,2024,Q4,20-24,300,222,13,41,74.0,18.5
Roscommon,2024,Q4,25-29,389,354,17,79,91.0,22.3
Roscommon,2024,Q4,30-34,414,390,24,90,94.2,23.1
Roscommon,2025,Q1,15-19,261,103,7,15,39.5,14.6
Roscommon,2025,Q1,20-24,308,238,23,56,77.3,23.5
Roscommon,2025,Q1,25-29,313,282,22,63,90.1,22.3
Roscommon,2025,Q1,30-34,398,396,28,60,99.5,15.2
Roscommon,2025,Q2,15-19,256,98,9,18,38.3,18.4
Roscommon,2025,Q2,20-24,323,239,9,57,74.0,23.8
Roscommon,2025,Q2,25-29,390,356,17,91,91.3,25.6
Roscommon,2025,Q2,30-34,263,270,17,56,102.7,20.7
Roscommon,2025,Q3,15-19,262,105,11,11,40.1,10.5
Roscommon,2025,Q3,20-24,261,206,16,44,78.9,21.4
Roscommon,2025,Q3,25-29,253,240,18,25,94.9,10.4
Roscommon,2025,Q3,30-34,376,367,19,58,97.6,15.8
Roscommon,2025,Q4,15-19,391,154,17,34,39.4,22.1
Roscommon,2025,Q4,20-24,354,276,25,41,78.0,14.9
Roscommon,2025,Q4,25-29,339,307,31,39,90.6,12.7
Roscommon,2025,Q4,30-34,264,263,14,36,99.6,13.7
Sligo,2018,Q1,15-19,304,102,7,18,33.6,17.6
Sligo,2018,Q1,20-24,297,203,21,32,68.4,15.8
Sligo,2018,Q1,25-29,337,270,26,35,80.1,13.0
Sligo,2018,Q1,30-34,249,224,12,27,90.0,12.1
Sligo,2018,Q2,15-19,258,88,10,16,34.1,18.2
Sligo,2018,Q2,20-24,379,262,12,47,69.1,17.9
Sligo,2018,Q2,25-29,401,338,33,46,84.3,13.6
Sligo,2018,Q2,30-34,378,323,27,67,85.4,20.7
Sligo,2018,Q3,15-19,410,137,7,11,33.4,8.0
Sligo,2018,Q3,20-24,256,167,8,30,65.2,18.0
Sligo,2018,Q3,25-29,314,250,15,53,79.6,21.2
Sligo,2018,Q3,30-34,244,213,13,42,87.3,19.7
Sligo,2018,Q4,15-19,315,111,6,17,35.2,15.3
Sligo,2018,Q4,20-24,345,243,25,49,70.4,20.2
Sligo,2018,Q4,25-29,288,228,13,18,79.2,7.9
Sligo,2018,Q4,30-34,381,324,25,56,85.0,17.3
Sligo,2019,Q1,15-19,251,91,8,10,36.3,11.0
Sligo,2019,Q1,20-24,323,226,14,26,70.0,11.5
Sligo,2019,Q1,25-29,255,206,23,30,80.8,14.6
Sligo,2019,Q1,30-34,314,281,26,38,89.5,13.5
Sligo,2019,Q2,15-19,352,123,12,23,34.9,18.7
Sligo,2019,Q2,20-24,328,222,19,36,67.7,16.2
Sligo,2019,Q2,25-29,259,207,14,38,79.9,18.4
Sligo,2019,Q2,30-34,334,294,19,48,88.0,16.3
Sligo,2019,Q3,15-19,257,94,4,13,36.6,13.8
Sligo,2019,Q3,20-24,345,238,25,51,69.0,21.4
Sligo,2019,Q3,25-29,381,308,26,54,80.8,17.5
Sligo,2019,Q3,30-34,283,255,14,38,90.1,14.9
Sligo,2019,Q4,15-19,407,139,14,20,34.2,14.4
Sligo,2019,Q4,20-24,344,246,19,52,71.5,21.1
Sligo,2019,Q4,25-29,243,209,24,29,86.0,13.9
Sligo,2019,Q4,30-34,328,290,19,31,88.4,10.7
Sligo,2020,Q1,15-19,243,79,9,10,32.5,12.7
Sligo,2020,Q1,20-24,264,167,16,35,63.3,21.0
Sligo,2020,Q1,25-29,279,210,16,18,75.3,8.6
Sligo,2020,Q1,30-34,358,285,24,41,79.6,14.4
Sligo,2020,Q2,15-19,272,85,4,7,31.2,8.2
Sligo,2020,Q2,20-24,242,151,6,13,62.4,8.6
Sligo,2020,Q2,25-29,348,255,22,29,73.3,11.4
Sligo,2020,Q2,30-34,305,238,15,46,78.0,19.3
Sligo,2020,Q3,15-19,242,77,9,6,31.8,7.8
Sligo,2020,Q3,20-24,343,214,16,21,62.4,9.8
Sligo,2020,Q3,25-29,365,262,23,56,71.8,21.4
Sligo,2020,Q3,30-34,262,209,23,30,79.8,14.4
Sligo,2020,Q4,15-19,285,88,5,9,30.9,10.2
Sligo,2020,Q4,20-24,332,206,13,25,62.0,12.1
Sligo,2020,Q4,25-29,294,221,12,23,75.2,10.4
Sligo,2020,Q4,30-34,321,261,26,41,81.3,15.7
Sligo,2021,Q1,15-19,390,139,14,25,35.6,18.0
Sligo,2021,Q1,20-24,243,161,8,26,66.3,16.1
Sligo,2021,Q1,25-29,318,249,29,43,78.3,17.3
Sligo,2021,Q1,30-34,362,311,30,62,85.9,19.9
Sligo,2021,Q2,15-19,264,90,9,10,34.1,11.1
Sligo,2021,Q2,20-24,328,217,14,34,66.2,15.7
Sligo,2021,Q2,25-29,324,270,19,47,83.3,17.4
Sligo,2021,Q2,30-34,388,331,17,76,85.3,23.0
Sligo,2021,Q3,15-19,269,93,6,10,34.6,10.8
Sligo,2021,Q3,20-24,284,187,11,30,65.8,16.0
Sligo,2021,Q3,25-29,413,339,26,57,82.1,16.8
Sligo,2021,Q3,30-34,306,271,21,27,88.6,10.0
Sligo,2021,Q4,15-19,312,104,9,10,33.3,9.6
Sligo,2021,Q4,20-24,366,236,28,44,64.5,18.6
Sligo,2021,Q4,25-29,348,273,28,43,78.4,15.8
Sligo,2021,Q4,30-34,378,316,28,47,83.6,14.9
Sligo,2022,Q1,15-19,294,111,8,10,37.8,9.0
Sligo,2022,Q1,20-24,317,233,24,44,73.5,18.9
Sligo,2022,Q1,25-29,395,334,25,76,84.6,22.8
Sligo,2022,Q1,30-34,291,271,12,61,93.1,22.5
Sligo,2022,Q2,15-19,401,154,16,24,38.4,15.6
Sligo,2022,Q2,20-24,328,234,14,22,71.3,9.4
Sligo,2022,Q2,25-29,261,230,13,33,88.1,14.3
Sligo,2022,Q2,30-34,403,392,41,67,97.3,17.1
Sligo,2022,Q3,15-19,379,141,10,32,37.2,22.7
Sligo,2022,Q3,20-24,292,211,14,34,72.3,16.1
Sligo,2022,Q3,25-29,303,265,11,32,87.5,12.1
Sligo,2022,Q3,30-34,378,349,19,34,92.3,9.7
Sligo,2022,Q4,15-19,353,132,9,20,37.4,15.2
Sligo,2022,Q4,20-24,251,183,10,41,72.9,22.4
Sligo,2022,Q4,25-29,251,220,23,48,87.6,21.8
Sligo,2022,Q4,30-34,268,251,13,22,93.7,8.8
Sligo,2023,Q1,15-19,259,95,10,11,36.7,11.6
Sligo,2023,Q1,20-24,406,306,36,59,75.4,19.3
Sligo,2023,Q1,25-29,400,349,28,40,87.2,11.5
Sligo,2023,Q1,30-34,351,346,25,83,98.6,24.0
Sligo,2023,Q2,15-19,414,161,8,15,38.9,9.3
Sligo,2023,Q2,20-24,370,284,18,30,76.8,10.6
Sligo,2023,Q2,25-29,306,282,28,53,92.2,18.8
Sligo,2023,Q2,30-34,288,280,17,37,97.2,13.2
Sligo,2023,Q3,15-19,346,136,8,12,39.3,8.8
Sligo,2023,Q3,20-24,240,180,18,21,75.0,11.7
Sligo,2023,Q3,25-29,272,240,16,43,88.2,17.9
Sligo,2023,Q3,30-34,292,279,29,50,95.5,17.9
Sligo,2023,Q4,15-19,264,99,7,9,37.5,9.1
Sligo,2023,Q4,20-24,357,265,15,43,74.2,16.2
Sligo,2023,Q4,25-29,404,367,29,40,90.8,10.9
Sligo,2023,Q4,30-34,300,294,34,27,98.0,9.2
Sligo,2024,Q1,15-19,389,148,16,32,38.0,21.6
Sligo,2024,Q1,20-24,345,268,10,50,77.7,18.7
Sligo,2024,Q1,25-29,323,286,16,38,88.5,13.3
Sligo,2024,Q1,30-34,397,392,36,95,98.7,24.2
Sligo,2024,Q2,15-19,337,126,14,30,37.4,23.8
Sligo,2024,Q2,20-24,381,282,21,43,74.0,15.2
Sligo,2024,Q2,25-29,372,326,37,55,87.6,16.9
Sligo,2024,Q2,30-34,331,331,22,53,100.0,16.0
Sligo,2024,Q3,15-19,410,157,17,35,38.3,22.3
Sligo,2024,Q3,20-24,262,205,19,24,78.2,11.7
Sligo,2024,Q3,25-29,332,291,26,68,87.7,23.4
Sligo,2024,Q3,30-34,374,374,38,67,100.0,17.9
Sligo,2024,Q4,15-19,305,113,12,26,37.0,23.0
Sligo,2024,Q4,20-24,393,287,34,38,73.0,13.2
Sligo,2024,Q4,25-29,416,362,15,33,87.0,9.1
Sligo,2024,Q4,30-34,397,381,45,52,96.0,13.6
Sligo,2025,Q1,15-19,407,154,14,27,37.8,17.5
Sligo,2025,Q1,20-24,272,201,20,32,73.9,15.9
Sligo,2025,Q1,25-29,254,229,16,51,90.2,22.3
Sligo,2025,Q1,30-34,372,361,26,47,97.0,13.0
Sligo,2025,Q2,15-19,378,149,9,29,39.4,19.5
Sligo,2025,Q2,20-24,362,273,11,32,75.4,11.7
Sligo,2025,Q2,25-29,254,243,24,34,95.7,14.0
Sligo,2025,Q2,30-34,325,312,26,36,96.0,11.5
Sligo,2025,Q3,15-19,288,117,8,20,40.6,17.1
Sligo,2025,Q3,20-24,343,252,20,45,73.5,17.9
Sligo,2025,Q3,25-29,297,278,13,63,93.6,22.7
Sligo,2025,Q3,30-34,392,382,34,76,97.4,19.9
Sligo,2025,Q4,15-19,366,145,16,34,39.6,23.4
Sligo,2025,Q4,20-24,327,257,10,40,78.6,15.6
Sligo,2025,Q4,25-29,372,339,22,76,91.1,22.4
Sligo,2025,Q4,30-34,267,274,23,34,102.6,12.4
Tipperary,2018,Q1,15-19,814,287,12,32,35.3,11.1
Tipperary,2018,Q1,20-24,548,380,39,68,69.3,17.9
Tipperary,2018,Q1,25-29,607,512,57,54,84.3,10.5
Tipperary,2018,Q1,30-34,607,549,61,112,90.4,20.4
Tipperary,2018,Q2,15-19,600,215,16,45,35.8,20.9
Tipperary,2018,Q2,20-24,615,426,34,72,69.3,16.9
Tipperary,2018,Q2,25-29,570,472,29,101,82.8,21.4
Tipperary,2018,Q2,30-34,781,681,62,92,87.2,13.5
Tipperary,2018,Q3,15-19,493,173,7,18,35.1,10.4
Tipperary,2018,Q3,20-24,584,399,46,35,68.3,8.8
Tipperary,2018,Q3,25-29,647,517,43,69,79.9,13.3
Tipperary,2018,Q3,30-34,493,431,36,45,87.4,10.4
Tipperary,2018,Q4,15-19,809,282,28,30,34.9,10.6
Tipperary,2018,Q4,20-24,502,337,33,66,67.1,19.6
Tipperary,2018,Q4,25-29,789,636,70,139,80.6,21.9
Tipperary,2018,Q4,30-34,576,513,50,68,89.1,13.3
Tipperary,2019,Q1,15-19,802,284,19,51,35.4,18.0
Tipperary,2019,Q1,20-24,617,431,29,44,69.9,10.2
Tipperary,2019,Q1,25-29,763,645,50,144,84.5,22.3
Tipperary,2019,Q1,30-34,567,512,32,106,90.3,20.7
Tipperary,2019,Q2,15-19,639,233,17,27,36.5,11.6
Tipperary,2019,Q2,20-24,727,506,27,72,69.6,14.2
Tipperary,2019,Q2,25-29,564,452,18,70,80.1,15.5
Tipperary,2019,Q2,30-34,634,562,41,75,88.6,13.3
Tipperary,2019,Q3,15-19,798,284,24,58,35.6,20.4
Tipperary,2019,Q3,20-24,590,396,38,57,67.1,14.4
Tipperary,2019,Q3,25-29,528,434,34,95,82.2,21.9
Tipperary,2019,Q3,30-34,567,518,31,73,91.4,14.1
Tipperary,2019,Q4,15-19,520,178,19,14,34.2,7.9
Tipperary,2019,Q4,20-24,601,420,27,49,69.9,11.7
Tipperary,2019,Q4,25-29,779,665,58,122,85.4,18.3
Tipperary,2019,Q4,30-34,764,666,54,111,87.2,16.7
Tipperary,2020,Q1,15-19,772,248,25,28,32.1,11.3
Tipperary,2020,Q1,20-24,820,509,22,100,62.1,19.6
Tipperary,2020,Q1,25-29,760,566,45,106,74.5,18.7
Tipperary,2020,Q1,30-34,589,463,48,50,78.6,10.8
Tipperary,2020,Q2,15-19,736,233,21,36,31.7,15.5
Tipperary,2020,Q2,20-24,484,301,29,56,62.2,18.6
Tipperary,2020,Q2,25-29,495,381,28,55,77.0,14.4
Tipperary,2020,Q2,30-34,759,626,47,118,82.5,18.8
Tipperary,2020,Q3,15-19,497,152,15,29,30.6,19.1
Tipperary,2020,Q3,20-24,587,358,37,47,61.0,13.1
Tipperary,2020,Q3,25-29,778,602,52,123,77.4,20.4
Tipperary,2020,Q3,30-34,601,465,24,60,77.4,12.9
Tipperary,2020,Q4,15-19,667,211,24,44,31.6,20.9
Tipperary,2020,Q4,20-24,682,411,30,58,60.3,14.1
Tipperary,2020,Q4,25-29,838,630,62,100,75.2,15.9
Tipperary,2020,Q4,30-34,495,403,16,67,81.4,16.6
Tipperary,2021,Q1,15-19,568,189,10,43,33.3,22.8
Tipperary,2021,Q1,20-24,736,515,42,86,70.0,16.7
Tipperary,2021,Q1,25-29,805,660,71,86,82.0,13.0
Tipperary,2021,Q1,30-34,561,478,29,73,85.2,15.3
Tipperary,2021,Q2,15-19,507,180,11,20,35.5,11.1
Tipperary,2021,Q2,20-24,736,515,40,87,70.0,16.9
Tipperary,2021,Q2,25-29,506,410,21,55,81.0,13.4
Tipperary,2021,Q2,30-34,707,635,49,108,89.8,17.0
Tipperary,2021,Q3,15-19,693,238,14,51,34.3,21.4
Tipperary,2021,Q3,20-24,745,495,27,93,66.4,18.8
Tipperary,2021,Q3,25-29,821,665,36,78,81.0,11.7
Tipperary,2021,Q3,30-34,679,583,66,86,85.9,14.8
Tipperary,2021,Q4,15-19,690,246,24,53,35.7,21.5
Tipperary,2021,Q4,20-24,727,505,30,114,69.5,22.6
Tipperary,2021,Q4,25-29,501,403,32,91,80.4,22.6
Tipperary,2021,Q4,30-34,808,727,83,116,90.0,16.0
Tipperary,2022,Q1,15-19,526,194,17,44,36.9,22.7
Tipperary,2022,Q1,20-24,642,464,29,91,72.3,19.6
Tipperary,2022,Q1,25-29,825,724,62,132,87.8,18.2
Tipperary,2022,Q1,30-34,757,698,48,100,92.2,14.3
Tipperary,2022,Q2,15-19,688,262,30,51,38.1,19.5
Tipperary,2022,Q2,20-24,731,522,44,117,71.4,22.4
Tipperary,2022,Q2,25-29,744,677,38,67,91.0,9.9
Tipperary,2022,Q2,30-34,811,763,58,182,94.1,23.9
Tipperary,2022,Q3,15-19,579,222,23,38,38.3,17.1
Tipperary,2022,Q3,20-24,693,509,27,87,73.4,17.1
Tipperary,2022,Q3,25-29,493,431,36,69,87.4,16.0
Tipperary,2022,Q3,30-34,792,760,61,150,96.0,19.7
Tipperary,2022,Q4,15-19,802,292,11,36,36.4,12.3
Tipperary,2022,Q4,20-24,484,350,26,44,72.3,12.6
Tipperary,2022,Q4,25-29,528,452,18,93,85.6,20.6
Tipperary,2022,Q4,30-34,529,501,58,90,94.7,18.0
Tipperary,2023,Q1,15-19,514,193,9,45,37.5,23.3
Tipperary,2023,Q1,20-24,684,502,29,112,73.4,22.3
Tipperary,2023,Q1,25-29,633,588,25,64,92.9,10.9
Tipperary,2023,Q1,30-34,687,642,71,139,93.4,21.7
Tipperary,2023,Q2,15-19,726,268,13,25,36.9,9.3
Tipperary,2023,Q2,20-24,711,512,60,53,72.0,10.4
Tipperary,2023,Q2,25-29,520,477,31,97,91.7,20.3
Tipperary,2023,Q2,30-34,772,749,48,155,97.0,20.7
Tipperary,2023,Q3,15-19,701,273,32,26,38.9,9.5
Tipperary,2023,Q3,20-24,603,463,39,68,76.8,14.7
Tipperary,2023,Q3,25-29,528,478,27,81,90.5,16.9
Tipperary,2023,Q3,30-34,523,492,53,57,94.1,11.6
Tipperary,2023,Q4,15-19,810,309,36,54,38.1,17.5
Tipperary,2023,Q4,20-24,565,430,43,80,76.1,18.6
Tipperary,2023,Q4,25-29,744,649,66,108,87.2,16.6
Tipperary,2023,Q4,30-34,796,744,39,158,93.5,21.2
Tipperary,2024,Q1,15-19,666,257,22,59,38.6,23.0
Tipperary,2024,Q1,20-24,694,509,41,68,73.3,13.4
Tipperary,2024,Q1,25-29,504,461,39,90,91.5,19.5
Tipperary,2024,Q1,30-34,748,744,31,102,99.5,13.7
Tipperary,2024,Q2,15-19,798,305,29,30,38.2,9.8
Tipperary,2024,Q2,20-24,541,415,24,55,76.7,13.3
Tipperary,2024,Q2,25-29,528,483,32,81,91.5,16.8
Tipperary,2024,Q2,30-34,822,833,66,180,101.3,21.6
Tipperary,2024,Q3,15-19,601,240,14,47,39.9,19.6
Tipperary,2024,Q3,20-24,592,454,47,56,76.7,12.3
Tipperary,2024,Q3,25-29,536,479,37,68,89.4,14.2
Tipperary,2024,Q3,30-34,724,715,64,92,98.8,12.9
Tipperary,2024,Q4,15-19,514,202,13,44,39.3,21.8
Tipperary,2024,Q4,20-24,823,613,59,122,74.5,19.9
Tipperary,2024,Q4,25-29,543,487,35,72,89.7,14.8
Tipperary,2024,Q4,30-34,723,696,74,71,96.3,10.2
Tipperary,2025,Q1,15-19,562,223,20,23,39.7,10.3
Tipperary,2025,Q1,20-24,625,473,48,90,75.7,19.0
Tipperary,2025,Q1,25-29,783,714,43,97,91.2,13.6
Tipperary,2025,Q1,30-34,742,739,82,154,99.6,20.8
Tipperary,2025,Q2,15-19,594,232,18,23,39.1,9.9
Tipperary,2025,Q2,20-24,798,592,56,104,74.2,17.6
Tipperary,2025,Q2,25-29,750,683,37,76,91.1,11.1
Tipperary,2025,Q2,30-34,555,533,36,72,96.0,13.5
Tipperary,2025,Q3,15-19,796,325,27,78,40.8,24.0
Tipperary,2025,Q3,20-24,795,607,65,104,76.4,17.1
Tipperary,2025,Q3,25-29,624,566,28,132,90.7,23.3
Tipperary,2025,Q3,30-34,560,572,65,58,102.1,10.1
Tipperary,2025,Q4,15-19,816,321,34,35,39.3,10.9
Tipperary,2025,Q4,20-24,636,478,40,100,75.2,20.9
Tipperary,2025,Q4,25-29,501,474,41,118,94.6,24.9
Tipperary,2025,Q4,30-34,796,764,71,126,96.0,16.5
Waterford,2018,Q1,15-19,916,332,14,61,36.2,18.4
Waterford,2018,Q1,20-24,613,428,33,77,69.8,18.0
Waterford,2018,Q1,25-29,916,756,47,156,82.5,20.6
Waterford,2018,Q1,30-34,617,557,40,119,90.3,21.4
Waterford,2018,Q2,15-19,904,313,14,42,34.6,13.4
Waterford,2018,Q2,20-24,662,450,43,39,68.0,8.7
Waterford,2018,Q2,25-29,605,505,30,52,83.5,10.3
Waterford,2018,Q2,30-34,731,642,52,78,87.8,12.1
Waterford,2018,Q3,15-19,790,270,13,33,34.2,12.2
Waterford,2018,Q3,20-24,614,420,43,72,68.4,17.1
Waterford,2018,Q3,25-29,899,725,38,123,80.6,17.0
Waterford,2018,Q3,30-34,641,579,33,46,90.3,7.9
Waterford,2018,Q4,15-19,690,235,26,47,34.1,20.0
Waterford,2018,Q4,20-24,724,476,37,78,65.7,16.4
Waterford,2018,Q4,25-29,658,538,63,94,81.8,17.5
Waterford,2018,Q4,30-34,581,491,49,54,84.5,11.0
Waterford,2019,Q1,15-19,942,346,36,39,36.7,11.3
Waterford,2019,Q1,20-24,629,448,31,50,71.2,11.2
Waterford,2019,Q1,25-29,779,646,75,58,82.9,9.0
Waterford,2019,Q1,30-34,713,657,51,54,92.1,8.2
Waterford,2019,Q2,15-19,775,279,18,35,36.0,12.5
Waterford,2019,Q2,20-24,567,378,43,43,66.7,11.4
Waterford,2019,Q2,25-29,791,652,39,104,82.4,16.0
Waterford,2019,Q2,30-34,707,612,67,125,86.6,20.4
Waterford,2019,Q3,15-19,947,338,36,42,35.7,12.4
Waterford,2019,Q3,20-24,729,514,57,110,70.5,21.4
Waterford,2019,Q3,25-29,893,725,37,119,81.2,16.4
Waterford,2019,Q3,30-34,937,818,58,178,87.3,21.8
Waterford,2019,Q4,15-19,886,307,34,25,34.7,8.1
Waterford,2019,Q4,20-24,774,527,50,62,68.1,11.8
Waterford,2019,Q4,25-29,960,794,75,168,82.7,21.2
Waterford,2019,Q4,30-34,689,635,59,112,92.2,17.6
Waterford,2020,Q1,15-19,564,184,14,38,32.6,20.7
Waterford,2020,Q1,20-24,819,515,31,85,62.9,16.5
Waterford,2020,Q1,25-29,707,546,45,86,77.2,15.8
Waterford,2020,Q1,30-34,693,536,62,95,77.3,17.7
Waterford,2020,Q2,15-19,964,311,37,30,32.3,9.6
Waterford,2020,Q2,20-24,803,512,36,78,63.8,15.2
Waterford,2020,Q2,25-29,732,548,30,117,74.9,21.4
Waterford,2020,Q2,30-34,568,472,45,42,83.1,8.9
Waterford,2020,Q3,15-19,819,252,24,22,30.8,8.7
Waterford,2020,Q3,20-24,694,429,20,80,61.8,18.6
Waterford,2020,Q3,25-29,961,700,28,101,72.8,14.4
Waterford,2020,Q3,30-34,567,465,53,80,82.0,17.2
Waterford,2020,Q4,15-19,917,293,13,66,32.0,22.5
Waterford,2020,Q4,20-24,678,426,48,80,62.8,18.8
Waterford,2020,Q4,25-29,588,432,34,85,73.5,19.7
Waterford,2020,Q4,30-34,671,523,21,54,77.9,10.3
Waterford,2021,Q1,15-19,940,335,16,58,35.6,17.3
Waterford,2021,Q1,20-24,826,560,64,62,67.8,11.1
Waterford,2021,Q1,25-29,660,547,25,117,82.9,21.4
Waterford,2021,Q1,30-34,749,628,29,58,83.8,9.2
Waterford,2021,Q2,15-19,663,226,13,38,34.1,16.8
Waterford,2021,Q2,20-24,753,524,36,48,69.6,9.2
Waterford,2021,Q2,25-29,928,755,54,96,81.4,12.7
Waterford,2021,Q2,30-34,852,732,51,131,85.9,17.9
Waterford,2021,Q3,15-19,584,202,20,20,34.6,9.9
Waterford,2021,Q3,20-24,575,391,45,80,68.0,20.5
Waterford,2021,Q3,25-29,736,596,33,99,81.0,16.6
Waterford,2021,Q3,30-34,909,798,32,75,87.8,9.4
Waterford,2021,Q4,15-19,606,206,22,41,34.0,19.9
Waterford,2021,Q4,20-24,581,398,19,81,68.5,20.4
Waterford,2021,Q4,25-29,830,648,72,106,78.1,16.4
Waterford,2021,Q4,30-34,761,638,47,109,83.8,17.1
Waterford,2022,Q1,15-19,568,218,15,50,38.4,22.9
Waterford,2022,Q1,20-24,635,460,45,54,72.4,11.7
Waterford,2022,Q1,25-29,774,688,29,154,88.9,22.4
Waterford,2022,Q1,30-34,730,707,50,110,96.8,15.6
Waterford,2022,Q2,15-19,832,309,33,62,37.1,20.1
Waterford,2022,Q2,20-24,857,633,53,71,73.9,11.2
Waterford,2022,Q2,25-29,739,636,59,91,86.1,14.3
Waterford,2022,Q2,30-34,620,597,68,72,96.3,12.1
Waterford,2022,Q3,15-19,648,235,21,26,36.3,11.1
Waterford,2022,Q3,20-24,632,455,49,99,72.0,21.8
Waterford,2022,Q3,25-29,663,567,56,87,85.5,15.3
Waterford,2022,Q3,30-34,704,647,65,61,91.9,9.4
Waterford,2022,Q4,15-19,682,257,28,23,37.7,8.9
Waterford,2022,Q4,20-24,700,503,41,49,71.9,9.7
Waterford,2022,Q4,25-29,595,522,24,113,87.7,21.6
Waterford,2022,Q4,30-34,800,737,49,128,92.1,17.4
Waterford,2023,Q1,15-19,767,293,25,71,38.2,24.2
Waterford,2023,Q1,20-24,700,499,48,116,71.3,23.2
Waterford,2023,Q1,25-29,865,777,54,109,89.8,14.0
Waterford,2023,Q1,30-34,707,655,61,88,92.6,13.4
Waterford,2023,Q2,15-19,871,323,18,60,37.1,18.6
Waterford,2023,Q2,20-24,828,598,51,123,72.2,20.6
Waterford,2023,Q2,25-29,742,662,76,83,89.2,12.5
Waterford,2023,Q2,30-34,742,717,72,166,96.6,23.2
Waterford,2023,Q3,15-19,581,220,13,23,37.9,10.5
Waterford,2023,Q3,20-24,847,621,31,125,73.3,20.1
Waterford,2023,Q3,25-29,865,793,50,78,91.7,9.8
Waterford,2023,Q3,30-34,682,662,49,105,97.1,15.9
Waterford,2023,Q4,15-19,691,261,26,61,37.8,23.4
Waterford,2023,Q4,20-24,597,439,42,104,73.5,23.7
Waterford,2023,Q4,25-29,683,618,65,109,90.5,17.6
Waterford,2023,Q4,30-34,774,743,61,169,96.0,22.7
Waterford,2024,Q1,15-19,975,383,15,66,39.3,17.2
Waterford,2024,Q1,20-24,937,697,65,89,74.4,12.8
Waterford,2024,Q1,25-29,585,530,36,79,90.6,14.9
Waterford,2024,Q1,30-34,877,861,101,215,98.2,25.0
Waterford,2024,Q2,15-19,765,292,33,28,38.2,9.6
Waterford,2024,Q2,20-24,914,710,43,96,77.7,13.5
Waterford,2024,Q2,25-29,751,688,51,143,91.6,20.8
Waterford,2024,Q2,30-34,777,739,48,143,95.1,19.4
Waterford,2024,Q3,15-19,861,327,17,34,38.0,10.4
Waterford,2024,Q3,20-24,877,640,32,89,73.0,13.9
Waterford,2024,Q3,25-29,821,718,42,154,87.5,21.4
Waterford,2024,Q3,30-34,728,696,41,172,95.6,24.7
Waterford,2024,Q4,15-19,765,299,17,30,39.1,10.0
Waterford,2024,Q4,20-24,594,445,42,83,74.9,18.7
Waterford,2024,Q4,25-29,708,641,37,147,90.5,22.9
Waterford,2024,Q4,30-34,783,751,80,106,95.9,14.1
Waterford,2025,Q1,15-19,955,367,27,46,38.4,12.5
Waterford,2025,Q1,20-24,907,702,43,100,77.4,14.2
Waterford,2025,Q1,25-29,951,852,82,89,89.6,10.4
Waterford,2025,Q1,30-34,850,858,54,88,100.9,10.3
Waterford,2025,Q2,15-19,757,308,31,59,40.7,19.2
Waterford,2025,Q2,20-24,596,461,46,108,77.3,23.4
Waterford,2025,Q2,25-29,581,524,22,130,90.2,24.8
Waterford,2025,Q2,30-34,583,583,30,128,100.0,22.0
Waterford,2025,Q3,15-19,770,311,18,64,40.4,20.6
Waterford,2025,Q3,20-24,781,590,47,100,75.5,16.9
Waterford,2025,Q3,25-29,571,542,39,86,94.9,15.9
Waterford,2025,Q3,30-34,811,804,78,181,99.1,22.5
Waterford,2025,Q4,15-19,757,308,15,37,40.7,12.0
Waterford,2025,Q4,20-24,776,604,33,152,77.8,25.2
Waterford,2025,Q4,25-29,972,904,93,104,93.0,11.5
Waterford,2025,Q4,30-34,614,622,73,91,101.3,14.6
Westmeath,2018,Q1,15-19,445,159,11,29,35.7,18.2
Westmeath,2018,Q1,20-24,474,315,30,43,66.5,13.7
Westmeath,2018,Q1,25-29,499,404,45,85,81.0,21.0
Westmeath,2018,Q1,30-34,438,383,19,45,87.4,11.7
Westmeath,2018,Q2,15-19,338,121,11,24,35.8,19.8
Westmeath,2018,Q2,20-24,428,288,11,52,67.3,18.1
Westmeath,2018,Q2,25-29,320,262,11,50,81.9,19.1
Westmeath,2018,Q2,30-34,434,379,15,39,87.3,10.3
Westmeath,2018,Q3,15-19,357,129,9,21,36.1,16.3
Westmeath,2018,Q3,20-24,405,281,26,35,69.4,12.5
Westmeath,2018,Q3,25-29,363,306,35,42,84.3,13.7
Westmeath,2018,Q3,30-34,387,338,36,54,87.3,16.0
Westmeath,2018,Q4,15-19,424,148,16,29,34.9,19.6
Westmeath,2018,Q4,20-24,323,212,15,19,65.6,9.0
Westmeath,2018,Q4,25-29,489,406,19,71,83.0,17.5
Westmeath,2018,Q4,30-34,451,392,39,60,86.9,15.3
Westmeath,2019,Q1,15-19,453,164,9,23,36.2,14.0
Westmeath,2019,Q1,20-24,424,301,20,29,71.0,9.6
Westmeath,2019,Q1,25-29,500,423,29,61,84.6,14.4
Westmeath,2019,Q1,30-34,558,512,25,112,91.8,21.9
Westmeath,2019,Q2,15-19,418,153,11,19,36.6,12.4
Westmeath,2019,Q2,20-24,334,223,11,27,66.8,12.1
Westmeath,2019,Q2,25-29,335,278,21,55,83.0,19.8
Westmeath,2019,Q2,30-34,465,413,41,57,88.8,13.8
Westmeath,2019,Q3,15-19,493,171,15,14,34.7,8.2
Westmeath,2019,Q3,20-24,417,299,14,42,71.7,14.0
Westmeath,2019,Q3,25-29,427,355,30,36,83.1,10.1
Westmeath,2019,Q3,30-34,386,334,30,43,86.5,12.9
Westmeath,2019,Q4,15-19,419,154,14,18,36.8,11.7
Westmeath,2019,Q4,20-24,528,357,38,32,67.6,9.0
Westmeath,2019,Q4,25-29,407,353,26,64,86.7,18.1
Westmeath,2019,Q4,30-34,468,416,49,80,88.9,19.2
Westmeath,2020,Q1,15-19,324,106,9,14,32.7,13.2
Westmeath,2020,Q1,20-24,366,228,12,32,62.3,14.0
Westmeath,2020,Q1,25-29,442,323,27,71,73.1,22.0
Westmeath,2020,Q1,30-34,522,433,27,62,83.0,14.3
Westmeath,2020,Q2,15-19,364,112,7,25,30.8,22.3
Westmeath,2020,Q2,20-24,442,271,16,62,61.3,22.9
Westmeath,2020,Q2,25-29,518,399,37,53,77.0,13.3
Westmeath,2020,Q2,30-34,494,391,19,87,79.1,22.3
Westmeath,2020,Q3,15-19,419,131,8,11,31.3,8.4
Westmeath,2020,Q3,20-24,320,205,14,29,64.1,14.1
Westmeath,2020,Q3,25-29,363,274,19,28,75.5,10.2
Westmeath,2020,Q3,30-34,488,402,38,34,82.4,8.5
Westmeath,2020,Q4,15-19,518,169,16,23,32.6,13.6
Westmeath,2020,Q4,20-24,498,299,32,49,60.0,16.4
Westmeath,2020,Q4,25-29,532,385,39,52,72.4,13.5
Westmeath,2020,Q4,30-34,515,426,34,72,82.7,16.9
Westmeath,2021,Q1,15-19,406,138,10,13,34.0,9.4
Westmeath,2021,Q1,20-24,394,265,20,39,67.3,14.7
Westmeath,2021,Q1,25-29,402,314,15,67,78.1,21.3
Westmeath,2021,Q1,30-34,360,305,29,63,84.7,20.7
Westmeath,2021,Q2,15-19,546,189,10,25,34.6,13.2
Westmeath,2021,Q2,20-24,348,231,15,31,66.4,13.4
Westmeath,2021,Q2,25-29,408,341,25,70,83.6,20.5
Westmeath,2021,Q2,30-34,336,281,22,28,83.6,10.0
Westmeath,2021,Q3,15-19,353,125,10,24,35.4,19.2
Westmeath,2021,Q3,20-24,404,267,27,29,66.1,10.9
Westmeath,2021,Q3,25-29,484,406,38,84,83.9,20.7
Westmeath,2021,Q3,30-34,382,333,13,46,87.2,13.8
Westmeath,2021,Q4,15-19,347,121,11,17,34.9,14.0
Westmeath,2021,Q4,20-24,344,238,19,39,69.2,16.4
Westmeath,2021,Q4,25-29,465,372,29,77,80.0,20.7
Westmeath,2021,Q4,30-34,526,450,23,86,85.6,19.1
Westmeath,2022,Q1,15-19,450,170,12,36,37.8,21.2
Westmeath,2022,Q1,20-24,362,254,24,57,70.2,22.4
Westmeath,2022,Q1,25-29,348,302,16,28,86.8,9.3
Westmeath,2022,Q1,30-34,379,367,39,79,96.8,21.5
Westmeath,2022,Q2,15-19,406,150,8,34,36.9,22.7
Westmeath,2022,Q2,20-24,366,256,29,28,69.9,10.9
Westmeath,2022,Q2,25-29,335,301,13,63,89.9,20.9
Westmeath,2022,Q2,30-34,496,453,20,92,91.3,20.3
Westmeath,2022,Q3,15-19,434,162,12,28,37.3,17.3
Westmeath,2022,Q3,20-24,374,281,27,63,75.1,22.4
Westmeath,2022,Q3,25-29,320,270,29,52,84.4,19.3
Westmeath,2022,Q3,30-34,510,480,34,115,94.1,24.0
Westmeath,2022,Q4,15-19,366,137,15,30,37.4,21.9
Westmeath,2022,Q4,20-24,349,246,16,36,70.5,14.6
Westmeath,2022,Q4,25-29,365,328,22,58,89.9,17.7
Westmeath,2022,Q4,30-34,351,343,34,52,97.7,15.2
Westmeath,2023,Q1,15-19,433,171,20,25,39.5,14.6
Westmeath,2023,Q1,20-24,414,307,34,71,74.2,23.1
Westmeath,2023,Q1,25-29,471,416,35,92,88.3,22.1
Westmeath,2023,Q1,30-34,523,482,53,100,92.2,20.7
Westmeath,2023,Q2,15-19,393,154,6,19,39.2,12.3
Westmeath,2023,Q2,20-24,394,294,24,36,74.6,12.2
Westmeath,2023,Q2,25-29,486,425,34,56,87.4,13.2
Westmeath,2023,Q2,30-34,462,427,41,60,92.4,14.1
Westmeath,2023,Q3,15-19,414,160,8,21,38.6,13.1
Westmeath,2023,Q3,20-24,532,386,25,62,72.6,16.1
Westmeath,2023,Q3,25-29,378,329,38,58,87.0,17.6
Westmeath,2023,Q3,30-34,364,362,30,70,99.5,19.3
Westmeath,2023,Q4,15-19,522,200,9,26,38.3,13.0
Westmeath,2023,Q4,20-24,435,331,16,65,76.1,19.6
Westmeath,2023,Q4,25-29,358,323,16,55,90.2,17.0
Westmeath,2023,Q4,30-34,522,515,40,92,98.7,17.9
Westmeath,2024,Q1,15-19,392,150,8,31,38.3,20.7
Westmeath,2024,Q1,20-24,424,310,24,48,73.1,15.5
Westmeath,2024,Q1,25-29,507,475,49,64,93.7,13.5
Westmeath,2024,Q1,30-34,366,360,34,50,98.4,13.9
Westmeath,2024,Q2,15-19,422,157,8,37,37.2,23.6
Westmeath,2024,Q2,20-24,441,342,33,33,77.6,9.6
Westmeath,2024,Q2,25-29,474,439,38,106,92.6,24.1
Westmeath,2024,Q2,30-34,443,443,49,77,100.0,17.4
Westmeath,2024,Q3,15-19,465,174,18,40,37.4,23.0
Westmeath,2024,Q3,20-24,450,337,30,44,74.9,13.1
Westmeath,2024,Q3,25-29,381,332,13,30,87.1,9.0
Westmeath,2024,Q3,30-34,438,418,24,104,95.4,24.9
Westmeath,2024,Q4,15-19,526,196,10,30,37.3,15.3
Westmeath,2024,Q4,20-24,328,243,20,50,74.1,20.6
Westmeath,2024,Q4,25-29,411,384,42,71,93.4,18.5
Westmeath,2024,Q4,30-34,447,426,31,97,95.3,22.8
Westmeath,2025,Q1,15-19,462,189,10,32,40.9,16.9
Westmeath,2025,Q1,20-24,528,403,20,64,76.3,15.9
Westmeath,2025,Q1,25-29,459,416,38,100,90.6,24.0
Westmeath,2025,Q1,30-34,549,545,28,115,99.3,21.1
Westmeath,2025,Q2,15-19,468,191,12,41,40.8,21.5
Westmeath,2025,Q2,20-24,425,333,19,50,78.4,15.0
Westmeath,2025,Q2,25-29,359,320,23,60,89.1,18.8
Westmeath,2025,Q2,30-34,364,369,38,52,101.4,14.1
Westmeath,2025,Q3,15-19,355,137,8,32,38.6,23.4
Westmeath,2025,Q3,20-24,342,267,20,68,78.1,25.5
Westmeath,2025,Q3,25-29,527,491,52,67,93.2,13.6
Westmeath,2025,Q3,30-34,349,348,38,71,99.7,20.4
Westmeath,2025,Q4,15-19,549,208,23,47,37.9,22.6
Westmeath,2025,Q4,20-24,510,403,46,62,79.0,15.4
Westmeath,2025,Q4,25-29,466,443,44,82,95.1,18.5
Westmeath,2025,Q4,30-34,324,318,27,71,98.1,22.3
Wexford,2018,Q1,15-19,670,239,26,19,35.7,7.9
Wexford,2018,Q1,20-24,805,566,58,55,70.3,9.7
Wexford,2018,Q1,25-29,635,532,52,94,83.8,17.7
Wexford,2018,Q1,30-34,568,498,38,72,87.7,14.5
Wexford,2018,Q2,15-19,646,234,24,32,36.2,13.7
Wexford,2018,Q2,20-24,681,449,22,79,65.9,17.6
Wexford,2018,Q2,25-29,635,506,20,91,79.7,18.0
Wexford,2018,Q2,30-34,762,695,81,98,91.2,14.1
Wexford,2018,Q3,15-19,543,188,17,16,34.6,8.5
Wexford,2018,Q3,20-24,571,388,25,47,68.0,12.1
Wexford,2018,Q3,25-29,558,456,38,88,81.7,19.3
Wexford,2018,Q3,30-34,754,640,75,112,84.9,17.5
Wexford,2018,Q4,15-19,656,237,28,43,36.1,18.1
Wexford,2018,Q4,20-24,705,460,52,75,65.2,16.3
Wexford,2018,Q4,25-29,707,597,53,58,84.4,9.7
Wexford,2018,Q4,30-34,591,535,64,61,90.5,11.4
Wexford,2019,Q1,15-19,631,230,13,22,36.5,9.6
Wexford,2019,Q1,20-24,712,477,47,69,67.0,14.5
Wexford,2019,Q1,25-29,743,637,55,99,85.7,15.5
Wexford,2019,Q1,30-34,609,548,25,57,90.0,10.4
Wexford,2019,Q2,15-19,764,265,27,37,34.7,14.0
Wexford,2019,Q2,20-24,600,414,19,41,69.0,9.9
Wexford,2019,Q2,25-29,768,628,62,84,81.8,13.4
Wexford,2019,Q2,30-34,696,615,38,98,88.4,15.9
Wexford,2019,Q3,15-19,761,281,14,25,36.9,8.9
Wexford,2019,Q3,20-24,818,581,62,104,71.0,17.9
Wexford,2019,Q3,25-29,664,563,38,49,84.8,8.7
Wexford,2019,Q3,30-34,674,620,40,68,92.0,11.0
Wexford,2019,Q4,15-19,594,216,18,30,36.4,13.9
Wexford,2019,Q4,20-24,609,413,41,39,67.8,9.4
Wexford,2019,Q4,25-29,749,643,44,130,85.8,20.2
Wexford,2019,Q4,30-34,566,521,39,111,92.0,21.3
Wexford,2020,Q1,15-19,530,166,8,14,31.3,8.4
Wexford,2020,Q1,20-24,645,402,28,59,62.3,14.7
Wexford,2020,Q1,25-29,762,559,30,110,73.4,19.7
Wexford,2020,Q1,30-34,481,371,35,76,77.1,20.5
Wexford,2020,Q2,15-19,794,251,10,56,31.6,22.3
Wexford,2020,Q2,20-24,671,409,47,53,61.0,13.0
Wexford,2020,Q2,25-29,718,518,25,53,72.1,10.2
Wexford,2020,Q2,30-34,696,574,43,130,82.5,22.6
Wexford,2020,Q3,15-19,582,192,20,22,33.0,11.5
Wexford,2020,Q3,20-24,508,307,27,29,60.4,9.4
Wexford,2020,Q3,25-29,543,419,47,55,77.2,13.1
Wexford,2020,Q3,30-34,747,602,65,136,80.6,22.6
Wexford,2020,Q4,15-19,601,191,17,16,31.8,8.4
Wexford,2020,Q4,20-24,754,474,28,106,62.9,22.4
Wexford,2020,Q4,25-29,795,580,25,73,73.0,12.6
Wexford,2020,Q4,30-34,486,400,33,45,82.3,11.2
Wexford,2021,Q1,15-19,653,229,17,46,35.1,20.1
Wexford,2021,Q1,20-24,603,413,19,60,68.5,14.5
Wexford,2021,Q1,25-29,777,640,37,65,82.4,10.2
Wexford,2021,Q1,30-34,562,498,40,73,88.6,14.7
Wexford,2021,Q2,15-19,745,257,12,43,34.5,16.7
Wexford,2021,Q2,20-24,802,527,29,55,65.7,10.4
Wexford,2021,Q2,25-29,548,460,34,62,83.9,13.5
Wexford,2021,Q2,30-34,605,530,48,123,87.6,23.2
Wexford,2021,Q3,15-19,740,256,29,49,34.6,19.1
Wexford,2021,Q3,20-24,695,450,45,78,64.7,17.3
Wexford,2021,Q3,25-29,643,503,28,48,78.2,9.5
Wexford,2021,Q3,30-34,784,659,30,100,84.1,15.2
Wexford,2021,Q4,15-19,818,284,17,34,34.7,12.0
Wexford,2021,Q4,20-24,619,428,38,48,69.1,11.2
Wexford,2021,Q4,25-29,494,396,44,37,80.2,9.3
Wexford,2021,Q4,30-34,797,681,80,140,85.4,20.6
Wexford,2022,Q1,15-19,834,321,32,42,38.5,13.1
Wexford,2022,Q1,20-24,684,517,60,107,75.6,20.7
Wexford,2022,Q1,25-29,539,464,49,111,86.1,23.9
Wexford,2022,Q1,30-34,677,637,66,133,94.1,20.9
Wexford,2022,Q2,15-19,553,213,13,45,38.5,21.1
Wexford,2022,Q2,20-24,614,464,30,106,75.6,22.8
Wexford,2022,Q2,25-29,697,636,59,101,91.2,15.9
Wexford,2022,Q2,30-34,492,455,28,47,92.5,10.3
Wexford,2022,Q3,15-19,502,186,18,33,37.1,17.7
Wexford,2022,Q3,20-24,519,366,31,57,70.5,15.6
Wexford,2022,Q3,25-29,821,702,54,131,85.5,18.7
Wexford,2022,Q3,30-34,671,608,30,77,90.6,12.7
Wexford,2022,Q4,15-19,799,309,14,65,38.7,21.0
Wexford,2022,Q4,20-24,791,567,23,56,71.7,9.9
Wexford,2022,Q4,25-29,684,584,40,107,85.4,18.3
Wexford,2022,Q4,30-34,558,515,53,93,92.3,18.1
Wexford,2023,Q1,15-19,642,251,25,44,39.1,17.5
Wexford,2023,Q1,20-24,739,541,59,52,73.2,9.6
Wexford,2023,Q1,25-29,815,748,40,117,91.8,15.6
Wexford,2023,Q1,30-34,610,590,46,62,96.7,10.5
Wexford,2023,Q2,15-19,712,279,22,51,39.2,18.3
Wexford,2023,Q2,20-24,655,468,45,93,71.5,19.9
Wexford,2023,Q2,25-29,806,738,33,171,91.6,23.2
Wexford,2023,Q2,30-34,590,553,63,101,93.7,18.3
Wexford,2023,Q3,15-19,789,299,31,34,37.9,11.4
Wexford,2023,Q3,20-24,813,611,39,131,75.2,21.4
Wexford,2023,Q3,25-29,482,439,19,40,91.1,9.1
Wexford,2023,Q3,30-34,775,769,85,163,99.2,21.2
Wexford,2023,Q4,15-19,805,301,27,51,37.4,16.9
Wexford,2023,Q4,20-24,820,614,46,102,74.9,16.6
Wexford,2023,Q4,25-29,787,706,46,82,89.7,11.6
Wexford,2023,Q4,30-34,682,633,42,94,92.8,14.8
Wexford,2024,Q1,15-19,700,267,12,48,38.1,18.0
Wexford,2024,Q1,20-24,811,616,72,67,76.0,10.9
Wexford,2024,Q1,25-29,742,650,27,123,87.6,18.9
Wexford,2024,Q1,30-34,660,664,44,167,100.6,25.2
Wexford,2024,Q2,15-19,523,209,9,41,40.0,19.6
Wexford,2024,Q2,20-24,789,612,49,64,77.6,10.5
Wexford,2024,Q2,25-29,733,650,76,129,88.7,19.8
Wexford,2024,Q2,30-34,518,493,34,45,95.2,9.1
Wexford,2024,Q3,15-19,646,246,20,43,38.1,17.5
Wexford,2024,Q3,20-24,736,576,52,75,78.3,13.0
Wexford,2024,Q3,25-29,615,540,55,81,87.8,15.0
Wexford,2024,Q3,30-34,672,637,65,125,94.8,19.6
Wexford,2024,Q4,15-19,646,259,11,62,40.1,23.9
Wexford,2024,Q4,20-24,543,395,43,88,72.7,22.3
Wexford,2024,Q4,25-29,831,781,71,99,94.0,12.7
Wexford,2024,Q4,30-34,730,695,51,96,95.2,13.8
Wexford,2025,Q1,15-19,635,252,25,37,39.7,14.7
Wexford,2025,Q1,20-24,538,424,30,83,78.8,19.6
Wexford,2025,Q1,25-29,537,494,29,118,92.0,23.9
Wexford,2025,Q1,30-34,643,636,47,159,98.9,25.0
Wexford,2025,Q2,15-19,751,306,26,46,40.7,15.0
Wexford,2025,Q2,20-24,706,539,64,129,76.3,23.9
Wexford,2025,Q2,25-29,594,568,30,120,95.6,21.1
Wexford,2025,Q2,30-34,561,570,62,133,101.6,23.3
Wexford,2025,Q3,15-19,555,221,12,36,39.8,16.3
Wexford,2025,Q3,20-24,523,384,45,63,73.4,16.4
Wexford,2025,Q3,25-29,722,647,56,82,89.6,12.7
Wexford,2025,Q3,30-34,520,505,43,105,97.1,20.8
Wexford,2025,Q4,15-19,685,261,13,28,38.1,10.7
Wexford,2025,Q4,20-24,691,522,25,65,75.5,12.5
Wexford,2025,Q4,25-29,615,581,30,117,94.5,20.1
Wexford,2025,Q4,30-34,606,621,67,65,102.5,10.5
Wicklow,2018,Q1,15-19,815,273,12,56,33.5,20.5
Wicklow,2018,Q1,20-24,750,524,31,65,69.9,12.4
Wicklow,2018,Q1,25-29,1073,859,90,161,80.1,18.7
Wicklow,2018,Q1,30-34,1048,919,93,116,87.7,12.6
Wicklow,2018,Q2,15-19,1045,360,16,53,34.4,14.7
Wicklow,2018,Q2,20-24,820,572,39,68,69.8,11.9
Wicklow,2018,Q2,25-29,814,643,46,84,79.0,13.1
Wicklow,2018,Q2,30-34,934,799,91,161,85.5,20.2
Wicklow,2018,Q3,15-19,974,346,31,28,35.5,8.1
Wicklow,2018,Q3,20-24,768,525,42,77,68.4,14.7
Wicklow,2018,Q3,25-29,1088,857,90,173,78.8,20.2
Wicklow,2018,Q3,30-34,984,849,80,179,86.3,21.1
Wicklow,2018,Q4,15-19,698,251,26,32,36.0,12.7
Wicklow,2018,Q4,20-24,830,575,23,66,69.3,11.5
Wicklow,2018,Q4,25-29,677,565,46,77,83.5,13.6
Wicklow,2018,Q4,30-34,668,573,31,92,85.8,16.1
Wicklow,2019,Q1,15-19,961,355,42,62,36.9,17.5
Wicklow,2019,Q1,20-24,1077,739,53,79,68.6,10.7
Wicklow,2019,Q1,25-29,878,753,73,136,85.8,18.1
Wicklow,2019,Q1,30-34,684,622,71,110,90.9,17.7
Wicklow,2019,Q2,15-19,891,319,24,51,35.8,16.0
Wicklow,2019,Q2,20-24,852,596,32,54,70.0,9.1
Wicklow,2019,Q2,25-29,984,809,56,109,82.2,13.5
Wicklow,2019,Q2,30-34,832,733,44,73,88.1,10.0
Wicklow,2019,Q3,15-19,949,349,20,34,36.8,9.7
Wicklow,2019,Q3,20-24,815,564,67,102,69.2,18.1
Wicklow,2019,Q3,25-29,1064,914,93,76,85.9,8.3
Wicklow,2019,Q3,30-34,790,724,61,96,91.6,13.3
Wicklow,2019,Q4,15-19,753,273,29,60,36.3,22.0
Wicklow,2019,Q4,20-24,737,530,54,65,71.9,12.3
Wicklow,2019,Q4,25-29,797,670,45,86,84.1,12.8
Wicklow,2019,Q4,30-34,904,816,78,146,90.3,17.9
Wicklow,2020,Q1,15-19,715,225,21,30,31.5,13.3
Wicklow,2020,Q1,20-24,876,540,24,81,61.6,15.0
Wicklow,2020,Q1,25-29,824,633,36,59,76.8,9.3
Wicklow,2020,Q1,30-34,940,758,61,157,80.6,20.7
Wicklow,2020,Q2,15-19,796,250,20,46,31.4,18.4
Wicklow,2020,Q2,20-24,1093,654,78,117,59.8,17.9
Wicklow,2020,Q2,25-29,1091,836,67,158,76.6,18.9
Wicklow,2020,Q2,30-34,1028,811,75,152,78.9,18.7
Wicklow,2020,Q3,15-19,1061,351,32,78,33.1,22.2
Wicklow,2020,Q3,20-24,987,607,42,75,61.5,12.4
Wicklow,2020,Q3,25-29,784,579,68,115,73.9,19.9
Wicklow,2020,Q3,30-34,908,756,55,130,83.3,17.2
Wicklow,2020,Q4,15-19,892,292,26,41,32.7,14.0
Wicklow,2020,Q4,20-24,734,436,38,48,59.4,11.0
Wicklow,2020,Q4,25-29,1001,757,33,98,75.6,12.9
Wicklow,2020,Q4,30-34,707,553,45,115,78.2,20.8
Wicklow,2021,Q1,15-19,808,270,12,40,33.4,14.8
Wicklow,2021,Q1,20-24,919,614,63,81,66.8,13.2
Wicklow,2021,Q1,25-29,655,542,39,89,82.7,16.4
Wicklow,2021,Q1,30-34,660,576,54,104,87.3,18.1
Wicklow,2021,Q2,15-19,1057,360,36,51,34.1,14.2
Wicklow,2021,Q2,20-24,708,483,54,69,68.2,14.3
Wicklow,2021,Q2,25-29,868,717,32,124,82.6,17.3
Wicklow,2021,Q2,30-34,993,887,43,92,89.3,10.4
Wicklow,2021,Q3,15-19,715,241,16,24,33.7,10.0
Wicklow,2021,Q3,20-24,1042,695,33,143,66.7,20.6
Wicklow,2021,Q3,25-29,748,601,64,133,80.3,22.1
Wicklow,2021,Q3,30-34,833,712,40,143,85.5,20.1
Wicklow,2021,Q4,15-19,965,339,19,54,35.1,15.9
Wicklow,2021,Q4,20-24,766,511,37,49,66.7,9.6
Wicklow,2021,Q4,25-29,684,545,42,110,79.7,20.2
Wicklow,2021,Q4,30-34,940,823,51,129,87.6,15.7
Wicklow,2022,Q1,15-19,1028,382,19,56,37.2,14.7
Wicklow,2022,Q1,20-24,752,560,29,64,74.5,11.4
Wicklow,2022,Q1,25-29,1055,945,91,226,89.6,23.9
Wicklow,2022,Q1,30-34,836,809,69,180,96.8,22.2
Wicklow,2022,Q2,15-19,994,379,41,88,38.1,23.2
Wicklow,2022,Q2,20-24,820,593,28,55,72.3,9.3
Wicklow,2022,Q2,25-29,759,689,59,138,90.8,20.0
Wicklow,2022,Q2,30-34,696,647,55,84,93.0,13.0
Wicklow,2022,Q3,15-19,878,335,19,66,38.2,19.7
Wicklow,2022,Q3,20-24,812,587,58,88,72.3,15.0
Wicklow,2022,Q3,25-29,796,714,85,100,89.7,14.0
Wicklow,2022,Q3,30-34,860,789,44,153,91.7,19.4
Wicklow,2022,Q4,15-19,767,277,12,26,36.1,9.4
Wicklow,2022,Q4,20-24,885,634,37,127,71.6,20.0
Wicklow,2022,Q4,25-29,885,771,75,171,87.1,22.2
Wicklow,2022,Q4,30-34,1032,969,65,210,93.9,21.7
Wicklow,2023,Q1,15-19,662,248,11,25,37.5,10.1
Wicklow,2023,Q1,20-24,741,551,38,124,74.4,22.5
Wicklow,2023,Q1,25-29,1058,962,50,220,90.9,22.9
Wicklow,2023,Q1,30-34,835,784,77,162,93.9,20.7
Wicklow,2023,Q2,15-19,1105,434,26,64,39.3,14.7
Wicklow,2023,Q2,20-24,664,496,49,61,74.7,12.3
Wicklow,2023,Q2,25-29,879,791,78,135,90.0,17.1
Wicklow,2023,Q2,30-34,838,816,40,105,97.4,12.9
Wicklow,2023,Q3,15-19,1106,436,22,72,39.4,16.5
Wicklow,2023,Q3,20-24,699,528,23,64,75.5,12.1
Wicklow,2023,Q3,25-29,673,586,60,94,87.1,16.0
Wicklow,2023,Q3,30-34,1100,1026,54,199,93.3,19.4
Wicklow,2023,Q4,15-19,971,358,40,76,36.9,21.2
Wicklow,2023,Q4,20-24,867,655,63,64,75.5,9.8
Wicklow,2023,Q4,25-29,659,594,31,55,90.1,9.3
Wicklow,2023,Q4,30-34,928,904,103,196,97.4,21.7
Wicklow,2024,Q1,15-19,896,339,24,61,37.8,18.0
Wicklow,2024,Q1,20-24,723,534,41,69,73.9,12.9
Wicklow,2024,Q1,25-29,1042,980,45,91,94.0,9.3
Wicklow,2024,Q1,30-34,849,833,65,101,98.1,12.1
Wicklow,2024,Q2,15-19,1082,420,19,60,38.8,14.3
Wicklow,2024,Q2,20-24,907,657,33,78,72.4,11.9
Wicklow,2024,Q2,25-29,899,827,88,125,92.0,15.1
Wicklow,2024,Q2,30-34,867,825,54,95,95.2,11.5
Wicklow,2024,Q3,15-19,771,297,26,63,38.5,21.2
Wicklow,2024,Q3,20-24,914,714,43,101,78.1,14.1
Wicklow,2024,Q3,25-29,740,664,64,126,89.7,19.0
Wicklow,2024,Q3,30-34,867,867,58,106,100.0,12.2
Wicklow,2024,Q4,15-19,986,372,42,79,37.7,21.2
Wicklow,2024,Q4,20-24,940,718,80,81,76.4,11.3
Wicklow,2024,Q4,25-29,656,590,56,120,89.9,20.3
Wicklow,2024,Q4,30-34,1115,1103,90,274,98.9,24.8
Wicklow,2025,Q1,15-19,1053,424,49,68,40.3,16.0
Wicklow,2025,Q1,20-24,956,730,68,120,76.4,16.4
Wicklow,2025,Q1,25-29,716,637,60,65,89.0,10.2
Wicklow,2025,Q1,30-34,811,809,90,90,99.8,11.1
Wicklow,2025,Q2,15-19,865,343,21,65,39.7,19.0
Wicklow,2025,Q2,20-24,1073,814,65,209,75.9,25.7
Wicklow,2025,Q2,25-29,848,813,56,103,95.9,12.7
Wicklow,2025,Q2,30-34,954,918,77,108,96.2,11.8
Wicklow,2025,Q3,15-19,1081,443,28,52,41.0,11.7
Wicklow,2025,Q3,20-24,1090,826,40,125,75.8,15.1
Wicklow,2025,Q3,25-29,1012,924,67,132,91.3,14.3
Wicklow,2025,Q3,30-34,692,669,63,168,96.7,25.1
Wicklow,2025,Q4,15-19,1046,404,43,75,38.6,18.6
Wicklow,2025,Q4,20-24,1107,879,90,161,79.4,18.3
Wicklow,2025,Q4,25-29,766,683,55,89,89.2,13.0
Wicklow,2025,Q4,30-34,1054,1075,88,160,102.0,14.9
